bench_rel	sha256	source
harness_g1v3/a7_g23_build.py	045de82cc98f28658bc800defb1ed753e9dcc5fb81c7fa36b5500fb3b9e7cb0b	recovered era source
harness_g1v3/a7_g23_run.py	36dce2dea3794b81b7a6c884854fb1ec44552ecba4528b34b678e8f6c46a2a77	recovered era source
harness_g1v3/a7_key_correction.py	76cccc9afe9fbb099d9adf23d3af8d0e432c4e26de10d9299e30bbd98d3ea245	recovered era source
harness_g1v3/a7_reference_inventory.py	33e2ce58dce1ef1fd21b17d616cbd097daf51f259cf0869f525c43842f035b36	recovered era source
harness_g1v3/a7_source_meta.py	4addd2f2e4b79bb292a8291a9cfbbcfd1efdc3d637b172ef40e1909275aa9d4a	recovered era source
harness_g1v3/scorers/score_exp5.py	c9cee4b09016547a813ba7258b06d4bb95ca3855ec5777240cc649dbf65c5544	recovered era source
harness_g1v3/a6_launch_freeze.py	bf82339907b97bb781d1f5bd47c95d42468527fb96ee56d320c1c70f36843848	last recorded value before writer 69853
harness_g1v3/build_a5_exp5_kit.py	53386d2cb85642f69878fda5b40d8001423f568bae08c7c482f59c5bf8a441b2	last recorded value before writer 69853
harness_g1v3/scorers/grade_batch.js	806a7560002a14ed5f3a4c79a78d85be0fac8abf773f8fdf9457c3d902e8abd6	last recorded value before writer 69853
harness_g1v3/a7_g1_build.py	48d8b32812e9e799d9d550174a2c7a4a7b2febb70aa814e2eb390ccd23d71d5d	proved recovery owner, epoch-3 step 69830
