accession_no,skill,created_at,primary_session_id,agent_type,agent_id,resumed_from
0001514416-24-000020,attribution,2026-01-13T10:30:00,0415feb7,primary,,
test-subagents,attribution,2026-01-14T00:50:00,113729b6,primary,,
0001193125-24-241871,prediction,2026-01-15T12:17:56-05:00,784d15b8,primary,,
0001193125-24-241871,attribution,2026-01-15T12:20:14-05:00,fd3d5376,primary,,
0001193125-24-241871,attribution,2026-01-15T12:20:14-05:00,,neo4j-report,aa61d2a,
0001193125-24-241871,attribution,2026-01-15T12:21:46-05:00,,neo4j-news,ad6a948,
0001193125-24-241871,attribution,2026-01-15T12:21:46-05:00,,neo4j-transcript,a15e618,
0001193125-24-241871,attribution,2026-01-15T12:21:46-05:00,,neo4j-xbrl,a99a1ad,
0001193125-24-241871,attribution,2026-01-15T12:22:47-05:00,,neo4j-report,ac3d7e6,
0000769397-24-000175,prediction,2026-01-15T14:31:00-05:00,e7b3c91f,primary,,
0000320193-23-000005,attribution,2026-01-16T18:03:19-05:00,7fb0007a,primary,,
0000320193-23-000005,attribution,2026-01-16T18:03:19-05:00,,neo4j-report,ae245d7,
0000320193-23-000005,attribution,2026-01-16T12:00:00,,neo4j-news,ab0b150,
0000320193-23-000005,attribution,2026-01-16T12:00:00,,neo4j-xbrl,a156e7a,
0000950170-25-099382,prediction,2026-01-17T01:17:12+00:00,a556925e,primary,,
