receipt	ok	c43457c99231edb36f3d479848f1ea9ac63fcc84d095755c5a1b8d7a2109b8c4	c43457c99231edb36f3d479848f1ea9ac63fcc84d095755c5a1b8d7a2109b8c4
finalization	ok	04b53cddf63528933cd99afe1b215061d2a07d8f4bc2fb0738014dd50aa30880	04b53cddf63528933cd99afe1b215061d2a07d8f4bc2fb0738014dd50aa30880
live_freeze_differs	ok	d9c0496277ef7a1f9e8dd450faf1a153eb500ed6535d5b06d5c9e3b0161a9377	!= accepted
precall_of_executed	ok	4123bb693f6b040af48f4ea53c533b2ad800e80102113844adb5afc69c65052d	4123bb693f6b040af48f4ea53c533b2ad800e80102113844adb5afc69c65052d
a5_manifest	ok	5e33c3e4acbff1c710321008335d6a66622992a8317027c9d231d85912f37c53	5e33c3e4acbff1c710321008335d6a66622992a8317027c9d231d85912f37c53
a5_bundle	ok	d2e850d86f643f177868b8b755b0a0d92c0a57f1aec8fabd4455acea2367edff	d2e850d86f643f177868b8b755b0a0d92c0a57f1aec8fabd4455acea2367edff
a6_freeze	ok	4123bb693f6b040af48f4ea53c533b2ad800e80102113844adb5afc69c65052d	4123bb693f6b040af48f4ea53c533b2ad800e80102113844adb5afc69c65052d
run_digest	ok	9aa2d1b2efcdbec5ee5d58958e68dc6ec91b076f64f832d625f941488970215a	9aa2d1b2efcdbec5ee5d58958e68dc6ec91b076f64f832d625f941488970215a
run_files	ok	861	861
scheduled_calls	ok	392	392
contract_suffix	ok	.v3	.v3
