run	wf	status	agents	done	state	transcript_files	transcript_dir	scriptPath	startTime
a6_primary	wf_be664d9d-9f7	completed	18	18	d74a1c58d98b503ccb7ee9a4ba3d5c09392999ead2159238efdfa1b1d34375c5	37	788cb00330c03c4d35773e3c48a8a0ef615ffe20bed15e10bd1936d5a9429206	/tmp/a6_prepared_run/launch/exp5_a5_0000006201-26-000031.attempt1.js	1787525344010
a6_primary	wf_d4c5d00a-38d	completed	12	12	30f23895768ea8d3117d61e8a4afd3d6cfb677a1591ff920529e76437a43c29b	25	d8e318a597bbd4b4f909c3830c7476d808d85cec0da9222a796df85c5bee4422	/tmp/a6_prepared_run/launch/exp5_a5_0000006201-26-000032.attempt1.js	1787525383590
a6_primary	wf_747290e7-687	completed	8	8	5a86b334f2ead6718cac4cf04764226c35b6b9cd7eaa56385e2856c05f8b6171	17	625275a9fccb4879ee49c5a34c65a3c3f27c4dad7f1a78f971d5d5bb66cd6816	/tmp/a6_prepared_run/launch/exp5_a5_0000027904-26-000020.attempt1.js	1787525406622
a6_primary	wf_5754f180-a56	completed	8	8	a93993ae201ec0736ee63acede6b90a4a9e1f55477cc01643abc73aba6fb24ec	17	f68038590f694053380fc07690af0f20e1cd79c87eab5fa2d05357a4948c92f6	/tmp/a6_prepared_run/launch/exp5_a5_0000027904-26-000022.attempt1.js	1787525428662
a6_primary	wf_310d4c0b-0a4	completed	10	10	f85c7415a416d976aa9083d4cae40983aa222d499786bc2c9209964914e64207	21	baf3a5b8c1fef03ceb696f1c61adb7d627034d0ba8c81b5c92701d06ed4fb623	/tmp/a6_prepared_run/launch/exp5_a5_0000092380-26-000044.attempt1.js	1787525449447
a6_primary	wf_17b63ff6-41e	completed	10	10	9499e0b38dd2790a3cd226dd6d61c7f43cf6489b674aed83006fe74b845ee0d8	21	04ce19253104ab300eec31fad0615be7fee04f0c442b46dd619d012a7b2cb187	/tmp/a6_prepared_run/launch/exp5_a5_0000764478-25-000057.attempt1.js	1787525469653
a6_primary	wf_39bda986-793	completed	2	2	7becc1c1152f5f928a92e9523bebc0bd41e680fb826579f00d19acf135736b89	5	3afc2096bbb7ee51ab215af802f4d331d1d5328895b9886e1fe5e8bc2db6ef67	/tmp/a6_prepared_run/launch/exp5_a5_0000764478-26-000005.attempt1.js	1787525477036
a6_primary	wf_3482e96b-5a1	completed	16	16	c8d4386b9dd026dfe6006d0e89cbaa95a3963d2c5fcba204e7190003993fc5bd	33	90afa2c0fe87820d02826f1544eeeb812e274a632639ab153d061419c365d878	/tmp/a6_prepared_run/launch/exp5_a5_0000898173-26-000006.attempt1.js	1787525490537
a6_primary	wf_6506be19-71c	completed	12	12	0deb505676438f908cc35c07c4dbb4c4e0d16d386c433dde88c05a627156da9e	25	dd2906b4b61828ea7ac219caca0ced884acdc9e29b6a1dc4f68784b6e989cce2	/tmp/a6_prepared_run/launch/exp5_a5_0000940944-25-000038.attempt1.js	1787525517107
a6_primary	wf_5a278bcf-524	completed	8	8	608853a981bc52c6edbd0ee29c3b511593bea547a9e0ae51718569bfaebacb92	17	db6aa7ea4d6113d7801dc9782cf85c58429243fb297e22db08dcb58743a5e80f	/tmp/a6_prepared_run/launch/exp5_a5_0000940944-26-000005.attempt1.js	1787525525938
a6_primary	wf_99f21af7-025	completed	10	10	73bfca07fda916951b167e4d6155abea4b265b5fc6b8a3bdad5e33ebeff63b38	21	2c1a305e4067280844a02e81acab387482077e59054e09f06ed302cfde62985e	/tmp/a6_prepared_run/launch/exp5_a5_0000940944-26-000009.attempt1.js	1787525535680
a6_primary	wf_e7cc2fd4-452	completed	8	8	d2e3ad046d4970fb41e4f49e5c2c3a85708afc45342a41898b16517dbb92e6c5	17	cd895985910a5a8390e83f9c371bc1fac214f643d57bd010ee6fbd91d31382ed	/tmp/a6_prepared_run/launch/exp5_a5_0001041061-25-000109.attempt1.js	1787525555693
a6_primary	wf_773af991-9b0	completed	10	10	a8fa4d82ac66a2f3ea6c8e0a5ad9153c2fe7b86b70934dfc067063e05f17561c	21	cfcc8bc7da3dfc131ad2cd9f75847e7bba74e914444bd85dba8b3dd154873f11	/tmp/a6_prepared_run/launch/exp5_a5_0001041061-26-000003.attempt1.js	1787525566189
a6_primary	wf_ca27515d-d1b	completed	8	8	b2f3a85cc89d0d8bb2a1ecc66078579e4e77802c88a17a19528caba778443815	17	0a1c1117c6dd6e2a5e166e6559bb986a104bc4c5ca164f3a2cb08f21c3cef7bb	/tmp/a6_prepared_run/launch/exp5_a5_0001058090-26-000007.attempt1.js	1787525612392
a6_primary	wf_6765316e-05d	completed	12	12	60f0518ad25208e09606cbd91ca3918b7e23f78329a7b3b33c3f951df632c61b	25	20c583a90286771730a89730f17a174b43fc425b34011de030017db1781252b8	/tmp/a6_prepared_run/launch/exp5_a5_0001104659-25-102611.attempt1.js	1787525624068
a6_primary	wf_0b86004f-264	completed	8	8	fd344e7aaa2822bf7735c4b46affaa18151808fec3c1f0b50ac3b62dc53186b8	17	5a473b13ca4f6cfa10597695a022b8ecba5966b37e164ea9465b06f9c27b7f28	/tmp/a6_prepared_run/launch/exp5_a5_0001104659-25-105631.attempt1.js	1787525633736
a6_primary	wf_9523b30a-468	completed	8	8	382f670d20f033960c1257d347333e0d40a0fd2d798725d76d16c5ff85add4ee	17	37b034d85130ece872ca11bb004d7e29837dbf32ce496213309f0801bd9f9efa	/tmp/a6_prepared_run/launch/exp5_a5_0001104659-25-118458.attempt1.js	1787525653614
a6_primary	wf_91876fc8-fd8	completed	10	10	10d2e50c38fc868971243f06a574095b9b66da55ea409c5efe54191d9e579237	21	9e7689e2082221fe3aa32062d4447609317ffe08ac855b261fb81f5af02f2835	/tmp/a6_prepared_run/launch/exp5_a5_0001104659-26-017090.attempt1.js	1787525663518
a6_primary	wf_fdcda8f2-96e	completed	12	12	f10d0b90617e1c3938c6e0d16218a1efc6a5d669cc29fca4acb1ae385fa339d2	25	a9f06366d4340f1414cb0b54a16a9acf75f0cfef28964e27322ffb33be470532	/tmp/a6_prepared_run/launch/exp5_a5_0001104659-26-032757.attempt1.js	1787525699998
a6_primary	wf_45338be2-b16	completed	10	10	89d77b2f6797afe451c5aa23e6b6c0a63133e1cae6c2faff89a5cadcdedd29a3	21	13c7097101b22b77ecea41a8b204a00b6052ae447b5aa1120d2760991128ebd3	/tmp/a6_prepared_run/launch/exp5_a5_0001171843-26-001288.attempt1.js	1787525710214
a6_primary	wf_57b60297-2c7	completed	8	8	2d9f7d43b4a2ae36e09c4e88f5d87ca9558e40828596a25d764f740d13c7b928	17	b5863bd0dbf63d653279ab0a041b2a0358f7867884177beb4c13affca6528dc8	/tmp/a6_prepared_run/launch/exp5_a5_AAL_2026-04-23T08.30.attempt1.js	1787525722584
a6_primary	wf_6bf4abd6-3ef	completed	12	12	2827976167a70163ae72a077053ad0ccb35b7a46fa861579b0956b3e5166dd51	25	cf7c101aa6a0e6e66745385e1ed7c4d4e8c82a690699be643c308e35ec344c01	/tmp/a6_prepared_run/launch/exp5_a5_BBY_2026-03-03T08.00.attempt1.js	1787525747726
a6_primary	wf_74bed6a3-7df	completed	14	14	f3340ccf1f570c1b5adb8fbfc84172c171f03f4da2c4d30b56e7afb8bc50d76e	29	c09e96a92413f13d66caa053a50a26582a32c337024df06033942dd9da7ca7b7	/tmp/a6_prepared_run/launch/exp5_a5_CMG_2026-02-03T16.30.attempt1.js	1787525759516
a6_primary	wf_b0d3a106-bd6	completed	8	8	a6640811900049a8c56918cdef6bf61e4a071b7b33743b133909d7e4e64458c5	17	e8bb1add94ec0256a1edd4bba6f500d4f0c96d70f5937eb2eff9c5addfe579c8	/tmp/a6_prepared_run/launch/exp5_a5_DAL_2026-04-08T10.00.attempt1.js	1787525769192
a6_primary	wf_f929b545-fa7	completed	14	14	8fc66a641c6fe157ebad3fb5123237e67cd8862d11aa6cbb8d98a88727c145fd	29	02ab3538bb9bc49a55d9ba9361305d9d79591347e0897d8ded1b0bdd07458b77	/tmp/a6_prepared_run/launch/exp5_a5_DRI_2026-03-19T08.30.attempt1.js	1787525791213
a6_primary	wf_e4cf35da-0fb	completed	16	16	22f8e5dafd64a592aa8372db8467ad7cd30043a5ddf03d8134d938ded14742b7	33	4f05df358ac612649ea89e3119773633ef26633206591d2b03979e2172fe1cd8	/tmp/a6_prepared_run/launch/exp5_a5_ULTA_2026-03-12T16.30.attempt1.js	1787525822101
a6_primary	wf_edb450f4-55c	completed	4	4	11a08824f3e72ce7b12492592bd6a48cf2cec9b3d3dd9269cfc7997aa93bf7b7	9	7f58b92c8ac60ebd6d81408a56dd4c52ab8fa15af5c3e8c47db10a58e78cc48b	/tmp/a6_prepared_run/launch/exp5_a5_bzNews_42014391.attempt1.js	1787525851424
a6_primary	wf_1269957a-591	completed	2	2	315823918d3d67036636e7358d2833f23cde4cc95c55dc1cb929b81c66854b2b	5	a5b03e5b992337d0f1ec570e7ff96d6c9f2c54093d635db2901854a0e872707d	/tmp/a6_prepared_run/launch/exp5_a5_bzNews_49256211.attempt1.js	1787525858919
a6_primary	wf_3d295f64-423	completed	6	6	910b1c025d586d0cc3b1a91a0fa25429488152da2b8593354568638a628b6a01	13	ac725881d827a40fe31f3f76ed5062a9e800098b603e0b1b6c3d31d35227c76c	/tmp/a6_prepared_run/launch/exp5_a5_bzNews_50877032.attempt1.js	1787525879748
a6_primary	wf_328a7f32-ebe	completed	2	2	325e460b2e9a9b6b3e56c5d7aeb87fcdfec17963eac356dc231b97f3d9822676	5	367e58c8c457a92201ff2f4da92ea28e03ca49992598177c95275b5eab9adcfe	/tmp/a6_prepared_run/launch/exp5_a5_bzNews_51962983.attempt1.js	1787525887276
a6_primary	wf_8cd502d9-b80	completed	18	18	7d09828d8cba3c5df2e2151579b4aded2c6fb9723b7ac38b933f1786b9895bc3	39	e25ddae354887c937125d8988ecc1e9b2a92a3d37135e36ce0abc706548ae40c	/tmp/a6_prepared_run/launch/exp5_a5_0000027904-26-000013.attempt1.js	1787540822062
a6_primary	wf_add70e29-00a	completed	14	14	84090d1898ea353796d9c15f350b581c61b59e477b79915dab6b91445b2162eb	31	8cbafc695854021590316ec47f35dcd6b17d9152f6d18a3e45155e8eeff4cc6a	/tmp/a6_prepared_run/launch/exp5_a5_0000063908-26-000032.attempt1.js	1787540831510
a6_primary	wf_9967fde4-3c5	completed	18	18	ee38d22164d6d58c47415e4697b55106edab25880840758c6cc0aa5ba5df0055	39	98f720bd0e9e74b6e7ffab467d88b5b21a49ce2218bd857ac3d758dffde15044	/tmp/a6_prepared_run/launch/exp5_a5_0001041061-26-000084.attempt1.js	1787540842384
a6_primary	wf_b3781333-709	completed	22	22	f6a80989a5ee101c52ff4eaac6e4da3c1e475af1f1b85856f5492448b19f324a	47	5072a63f83946c50b8e524ba311af5f89c531fb865eef5ceb8a9c1a9c2763892	/tmp/a6_prepared_run/launch/exp5_a5_0001104659-26-027061.attempt1.js	1787540861035
a6_primary	wf_d39d692b-f06	completed	22	22	3b3272d7e2910057133bef886448795740cdd81cbe8fd8de1dca70ef44d8a0e1	47	d47252f948594fcfcc44490a67be97cf6f199be9000815fa4d79d8c148108b9f	/tmp/a6_prepared_run/launch/exp5_a5_MCD_2026-02-11T16.30.attempt1.js	1787540874437
a6_primary	wf_84274ecd-2a6	completed	12	12	54c9cfda94b92ed83a16beffe62b468d1245f7a42ca48707748d01e5e122acf3	27	4351686691a744a714acd148cc282aa7ad45d6675af4ab60e3871f6f85eea2c5	/tmp/a6_prepared_run/launch/exp5_a5_YUM_2026-02-04T08.15.attempt1.js	1787540883874
a6_retry	wf_f67d674e-53a	completed	1	1	9d03cf74fd31129b91519ccd7cba695cd7738f32a372e75726ed8562c656f7ab	3	92fc993c9916c073f01a1d86b641ce53091a76263842b3ce246ec5c7e818dad8	/tmp/a6_prepared_run/retry/launch/exp5_a5_ULTA_2026-03-12T16.30.attempt2.js	1787544876250
g1_event_run4	wf_348c900f-b6e	completed	32	32	cea46f697f6a3f90b084a19b709418242651674bd9cbdfeed5c721b4628a206a	65	9601c9310b6f0a1465a0c70b1bbd956c982d084a48567b02b48743a3928740af	/tmp/a7_g1_event_run4/grade_batch.seg01.js	1787623462771
g1_event_run4	wf_a0896624-3ad	completed	29	29	1268e441d246ccacb6eeb906d03fe845906f6f865fbc76a7cf092123a7e8d7a1	59	fc4ef1d62d9182b29cbdde71ca07b57c4cc262350332200a64414781b37c08f5	/tmp/a7_g1_event_run4/grade_batch.seg02.js	1787624761464
g1_event_run4	wf_9f9f293f-faa	completed	38	38	819e6877fd169243a4ed00600058d00c2e3e692e00c96b581e36a79120d7207e	77	66f9f6e64c83594defda96ca160d2f9b57b228dfa5274c6a7ce62e43737c6fe0	/tmp/a7_g1_event_run4/grade_batch.seg03.js	1787625239678
g1_event_run4	wf_13815df4-38b	completed	30	30	e46af18e7588a37532c3e1d0bb4726bb44bd5cdaa16ae1bd8d21a7ba64ad7fe4	61	e499aacdb92b66965707fff8f3d0ca5f7f48c0cfe048fcb7bfd533cddd848bda	/tmp/a7_g1_event_run4/grade_batch.seg04.js	1787625761635
g1_event_run4	wf_230576bc-291	completed	28	28	3aeee85f99277d359d1c53215a528ab5c178dd336af8471fc906e02048033d7c	57	3c980fc59fd6e8512f50cdab6bbdbae8f2245c770fd4940250526bc33b28b967	/tmp/a7_g1_event_run4/grade_batch.seg05.js	1787626339514
g1_event_run4	wf_53ae1317-cef	completed	29	29	48953a6dac6e0946683812090971c3e57102449b30e5ec5f451424d414eb7e6c	59	1689a58e71e16d85cb3ff978ef5ce8971646636320c6dc6ab871d6a1876660ba	/tmp/a7_g1_event_run4/grade_batch.seg06.js	1787626841271
g1_event_run4	wf_8ae0ca77-2cb	completed	24	24	2f898198f7b76b04afbbf5cd280a9755dcf4f5b03412e6e76f2c5ff5f18826dc	49	72a9bac790b16d7e7429ffaa783bae6c34edcdc95fe5e1430e544749b03f496b	/tmp/a7_g1_event_run4/grade_batch.seg07.js	1787627280760
g1_run3	wf_f30e48e9-72b	completed	1	1	0dc05cb0c8c526631da7e22cb8604868f0dd8c52dc121cc645247c52ca2a6267	3	dd85683a521eb4d1d4c5cb739f56636f28f69924144162ec7c2fceea68f9ddfa	/tmp/a7_g1_run3/grade_batch.seg01.js	1787593349157
g1_run3	wf_ce9d9405-b55	completed	4	4	94330848f674e26402fb52d596f420f6ac97580616a51340b40cd8e77e141123	9	d5826b1a7307acf1eb81066efbad442562ae94a5c4d13fd51b7bb57c7435dd54	/tmp/a7_g1_run3/grade_batch.seg03.js	1787599489715
g1_run3	wf_c51c97b1-041	completed	4	4	de1b31540d947b7cbecc478bb9a7590d6e39928182df94dd9268270928c9241d	9	b4f56d83e0bffbddac74bbd7408113e0684fb1407af2001b17e48eeac2cd9ea4	/tmp/a7_g1_run3/grade_batch.seg04.js	1787600363655
g1_run3	wf_e325523b-8c3	completed	4	4	8d2585e35897988d29f5f98109e2d435ec44b9ec144f0e34f914887ba1e9b07f	9	6df5da0db2a8b2e4141944112ab3b1b6892887b394c23fe2147565cf0dfd3ab4	/tmp/a7_g1_run3/grade_batch.seg05.js	1787600628620
g1_run3	wf_e692cf24-86d	completed	4	4	ad019f1f2c388dafc0e9908b31816054657bfa00a7c429f553f7d8f223d2d6a8	9	ffc1db73438de89bcc9cbc2f9894a40dcc84aceaa5b920942d187d3206b7ef21	/tmp/a7_g1_run3/grade_batch.seg06.js	1787600831337
g1_run3	wf_fda74ec9-835	completed	4	4	23ddf2447590ff560bfb57ba7bb4ab6fefdbcaf07dd537151b8ef437b94d8df8	9	1339c8d54dbc29e38d97121d57f01e5ebe1908f9beeb6991f448b03325d4dd1e	/tmp/a7_g1_run3/grade_batch.seg07.js	1787601060996
g1_run3	wf_d23a28c9-64d	completed	4	4	7b8ab458f8d18a966cd85811c5dcac9938e97e136700994a94417eb19b1b9244	9	33890a07d45b0ddf5c9931b8240be667954245526b461262798084c086069471	/tmp/a7_g1_run3/grade_batch.seg08.js	1787601211770
g1_run3	wf_a7a9629e-7a2	completed	4	4	270e2b4930ebd11930f62d35596ac35af8f1345cc63d5fba61be8ba9ffa55456	9	e9f7c738df5fa450ab4e5ede4f3cf361f6a200a276e95bd9d08cfb47a17afdc1	/tmp/a7_g1_run3/grade_batch.seg09.js	1787601422953
g1_run3	wf_a94f4cb8-a66	completed	4	4	e3132a5602e928a87d665204719862caa2ee2087ceb57aea4e95a3fe8f4c7e2e	9	1d32d05a6309a0944ed24af9b58a8c31413dac866aeb24b40cbe3cb6c68348ae	/tmp/a7_g1_run3/grade_batch.seg10.js	1787601703779
g1_run3	wf_f88d4398-9d0	completed	5	5	4501ac6d7dc241c12cf64927521785ac2b36c0e7f412fa36a3256e08b72912c7	11	accd4ae01f6d5997807ccde9a89284487f05f3c97a410e3b779d6b7c697c23f0	/tmp/a7_g1_run3/grade_batch.seg11.js	1787601898564
g1_run3	wf_b07f8652-a80	completed	4	4	9ab0fcd7a928194d05df4b0b5cdb92fc70261a98d3f09038856b595cbeb4b793	9	498187ad68bd7ccbec611a63c96c1b975f0dba9ef5fea8e0509f1d0386ababbc	/tmp/a7_g1_run3/grade_batch.seg12.js	1787602068617
g1_run3	wf_88588f80-f4f	completed	2	2	047fb18a26fde33daa562490eb3414d4ab974349360a12ca8b397086ad030962	5	3103e0ef84ebffceba1ebaabfd46c173e74e4ea8bff6d110a39ce1067ff59aec	/tmp/a7_g1_run3/grade_batch.seg13.js	1787602908349
g1_run3	wf_b6945fcd-09e	completed	4	4	52838ca9311c1192d1e735d03142fffc2e642f54ee58e658e9e656087db1627a	9	876d632584f5f10f6f3c5f94cdffc8b63def1ca13762a31a1b4aad36ddbe89ba	/tmp/a7_g1_run3/grade_batch.seg14.js	1787603011765
g1_run3	wf_490ac851-51d	completed	4	4	963d5c70576efbeb48dd12a911aed7efe1c440c94a7216d0ba438912458de314	9	64d404f807587b64e4341eda48357d158d06b80ceed848f93180759f4ea04107	/tmp/a7_g1_run3/grade_batch.seg15.js	1787603182307
g1_run3	wf_ae6c6cf9-5be	completed	4	4	951e2c1c358715f189bab7b8671490a8f56d1e037eb81eb0af2f61ebf392d71e	9	117b730bf88833f9b088869daf71c172eee93eba9f3531990317219f0ffc4dce	/tmp/a7_g1_run3/grade_batch.seg16.js	1787603364020
g1_run3	wf_21e0ea96-8e0	completed	4	4	dafcb759bdfc4bf498d660c8c42c13d822cdc1d0d58be4015a3dbe0769bb2343	9	e78bbb8f109aa25043d432e5464cdb5fc844c3d007677f314e17b7eb0ada5f5f	/tmp/a7_g1_run3/grade_batch.seg17.js	1787603564874
g1_run3	wf_0a731bee-d9c	completed	4	4	1157bfbb48928fc72c783f1ceb4b76122c5d32289bedcbdd8b5dbdcda286e381	9	8d80b6a1a5ba10a19aba6e38c54da5b7c1b3af64c033fda7bb74f2f41ac25b27	/tmp/a7_g1_run3/grade_batch.seg18.js	1787603765545
g1_run3	wf_03038a48-d7d	completed	4	4	7988e27f65f12a8d1f97867ab73aa08cbf835fc911f77ce4d203c5201660c2a5	9	cdf278ae2634486dd0f3c41386fdea56aa9d03c17eb4f7c84f571593d9441de7	/tmp/a7_g1_run3/grade_batch.seg19.js	1787603976312
g1_run3	wf_bdf19fed-ff9	completed	4	4	371cdc2f1eecdf1520e74441c0c8f0735f3fd977f60c690693db226efd690fe7	9	fdfa6652f46e9e6dcf59b0ac6236c99c8eebe13a79e999d3083c1047fcd65e90	/tmp/a7_g1_run3/grade_batch.seg20.js	1787604218573
g1_run3	wf_2a2b223d-272	completed	4	4	9b98ff7d881ec701f1531d01e42e6ab3ff5f04728f73d8e570486d0c1505afc8	9	f7a10588465734a5d1e33a7d29daecf3ae7a0249128e1b303b41929369df4b93	/tmp/a7_g1_run3/grade_batch.seg21.js	1787604519470
g1_run3	wf_10b4723b-fac	completed	4	4	ac7cfd6eeb420e078edd1daf1ea398c29eb89259b731b2ae7e03f6637634dbec	9	f5408cc04cdebd9e2db5c728c87d373b218e51a31bf717a013a833f00ea1bd14	/tmp/a7_g1_run3/grade_batch.seg22.js	1787604709509
g1_run3	wf_f2840edb-9ea	completed	1	1	15d5769b88ac40f115f7f3045054ff5dedfe0e017407b1d9f84f343e01ff5c4c	3	d3cfd15ffb2817e3fc65d550c9df8de08bfd526af1192efcca6281b91b3f1f94	/tmp/a7_g1_run3/grade_batch.seg23.js	1787605136664
g1_run3	wf_0bef4b82-db0	completed	4	4	6a8133d2e546aa9b637c24ffec081b672c934732a576026178176fc8a271386f	9	7d070624fac41c6b42d873fb28e3e8f2c5ff8b5801a3b654f92f0c5b84453d8d	/tmp/a7_g1_run3/grade_batch.seg24.js	1787605246195
g1_run3	wf_d7616dd7-806	completed	4	4	8fe95feb612344b6bd820688332f635f40b46d24fce754bc255bca7b6758be20	9	90cf42729c77d3a9a567c499f66d6f4163dc7872f5273045e951763423223cd0	/tmp/a7_g1_run3/grade_batch.seg25.js	1787605604885
g1_run3	wf_49278665-863	completed	4	4	e701adcbf084ab4597eeb1f079deade6db2e03323ed03fc690f9e738f5f33e6b	9	feefb5b0c350fc7c62789918f8a3bfac330c2ccd22797dbe500939ce27366975	/tmp/a7_g1_run3/grade_batch.seg26.js	1787605833952
od1	wf_c4c5ba92-70e	completed	4	4	09c4ac8bf4663f3a8b3d019cf9833d882d6020dabe1b38e622aed30d5cca9d71	9	b733b49ae0ffd838db5979126c0eae591d60ce2af1fabca57103d3cd3adb329c	/tmp/a7_od1_admission.js	1787633465082
od1	wf_ee0b4237-009	failed	0	0	10d906d2bc73f3e55bc1931792fc8d93c211da6a48b8fc24551e6e1a52058ac3	0	e3b0c44298fc1c149afbf4c8996fb92427ae41e4649b934ca495991b7852b855	/tmp/a7_od1_admission.v2.js	1787636670105
od1	wf_c8cde3eb-61e	completed	4	4	eb51533fa182e88bc21c665c52a3afd4ec7903637a9391aa7b673c47aebe30b9	9	8ad5b03f2b22b384d74a7e8c7217bd1a3323b4b2151fe7ad7b3bc3f2fa18ec25	/tmp/a7_od1_admission.v2.js	1787637005063
v3_1479	wf_3a3a1b8a-0d4	completed	18	18	8f9dfeb6fc6989fbd27d6ee26c3b9d74d6ba5ce5977d73517ea6e70058fa7b93	37	360905aeae000f2b307f476dd1df7ba690688040bf998b9d46246c90bcd2b8d4	/tmp/a7_v3_prepared_run_1479/launch/exp5_a5_0000006201-26-000031.attempt1.js	1787787539120
