a4_recovery/regen_1570/targeted_1589/phase1_targeted_1488/out/attempt5/A/a3_baseline.v2_1488.json	35f7602baf06d1b6d5a04dab96d76ba92c24395e12e204e77e62ae698b31e328	35f7602baf06d1b6d5a04dab96d76ba92c24395e12e204e77e62ae698b31e328	same
a4_recovery/regen_1570/targeted_1589/phase1_targeted_1488/out/attempt5/A/a3_reaudit_measure.json	269f114c95b6af7f728a883cca7aea278f2b232c7e3df2f98aae9584a6bcca8d	269f114c95b6af7f728a883cca7aea278f2b232c7e3df2f98aae9584a6bcca8d	same
a4_recovery/regen_1570/targeted_1589/phase1_targeted_1488/out/attempt5/A_adapter.txt	2296acbea56982f444dc2077fd38dc23567ca202cd469d98892c7e9ba3c40d59	2296acbea56982f444dc2077fd38dc23567ca202cd469d98892c7e9ba3c40d59	same
a4_recovery/regen_1570/targeted_1589/phase1_targeted_1488/out/attempt5/A/CHECKS.tsv	fb7b447bf5b9649da9e39a4501f1c5043c3ae495ec0ac0c000fa3c5d29f39b10	fb7b447bf5b9649da9e39a4501f1c5043c3ae495ec0ac0c000fa3c5d29f39b10	same
a4_recovery/regen_1570/targeted_1589/phase1_targeted_1488/out/attempt5/A/DEPENDENCIES.tsv	331df7a98f35be79b266fda812d6e5509a511fbfb785075170d6d4ec98cb7f65	331df7a98f35be79b266fda812d6e5509a511fbfb785075170d6d4ec98cb7f65	same
a4_recovery/regen_1570/targeted_1589/phase1_targeted_1488/out/attempt5/A/door_green_1.receipt.json	caf819e2963c7265b36a9ccecadac6e2b9e1d9f38a4614266052b0e923b2d235	caf819e2963c7265b36a9ccecadac6e2b9e1d9f38a4614266052b0e923b2d235	same
a4_recovery/regen_1570/targeted_1589/phase1_targeted_1488/out/attempt5/A/door_green_2.receipt.json	d0b735b7bdd82a80c07d3c0e3187985bf9d63a9657663d33c363664f7eb6dc79	d0b735b7bdd82a80c07d3c0e3187985bf9d63a9657663d33c363664f7eb6dc79	same
a4_recovery/regen_1570/targeted_1589/phase1_targeted_1488/out/attempt5/A/DOOR.json	a42ee4b79483dc90ad3f89697abede80b347c98691c25728c8fd350ff2d374c0	a42ee4b79483dc90ad3f89697abede80b347c98691c25728c8fd350ff2d374c0	same
a4_recovery/regen_1570/targeted_1589/phase1_targeted_1488/out/attempt5/A/DOOR.tsv	0aea8615356e95564297d3bb012c724f0be30ec6a3070ea0da75350e760743b4	0aea8615356e95564297d3bb012c724f0be30ec6a3070ea0da75350e760743b4	same
a4_recovery/regen_1570/targeted_1589/phase1_targeted_1488/out/attempt5/A/OPENED.tsv	283d36e6938d277357cfb6fbfcedd9e75619de511475d4018a4e5d19fe963f64	283d36e6938d277357cfb6fbfcedd9e75619de511475d4018a4e5d19fe963f64	same
a4_recovery/regen_1570/targeted_1589/phase1_targeted_1488/out/attempt5/A/phase1_targeted_1488/phase1.manifest.json	ec065a3ae5b557693b4d390324ffd9dc687a3d0eac13a94aa5eec4f6cce49b1e	ec065a3ae5b557693b4d390324ffd9dc687a3d0eac13a94aa5eec4f6cce49b1e	same
a4_recovery/regen_1570/targeted_1589/phase1_targeted_1488/out/attempt5/A/phase1_targeted_1488/rules.txt	dae73ae098abeb7de4e2844a19398898714d0d1a89166d798486aa170c3a8b9a	dae73ae098abeb7de4e2844a19398898714d0d1a89166d798486aa170c3a8b9a	same
a4_recovery/regen_1570/targeted_1589/phase1_targeted_1488/out/attempt5/A/PLACED.tsv	a478809bc27770759b7dc00f60933bc560ce4fbe2bbecbed956b1c7b9ba0965e	a478809bc27770759b7dc00f60933bc560ce4fbe2bbecbed956b1c7b9ba0965e	same
a4_recovery/regen_1570/targeted_1589/phase1_targeted_1488/out/attempt5/A/red.txt	804073a8d6cfdc195257bdc93c0460ff91e63624e5663379b32ef33cc1323562	804073a8d6cfdc195257bdc93c0460ff91e63624e5663379b32ef33cc1323562	same
a4_recovery/regen_1570/targeted_1589/phase1_targeted_1488/out/attempt5/A/RESULT.txt	c6400dc194cc7f78acb5b8424318827624a74d8a229d7c824313b00fb2b6c358	c6400dc194cc7f78acb5b8424318827624a74d8a229d7c824313b00fb2b6c358	same
a4_recovery/regen_1570/targeted_1589/phase1_targeted_1488/out/attempt5/A.sha	9397495d731304a3e6d4a71bd451d2224a67311ca14123793f0eb78bac589c7e	9397495d731304a3e6d4a71bd451d2224a67311ca14123793f0eb78bac589c7e	same
a4_recovery/regen_1570/targeted_1589/phase1_targeted_1488/out/attempt5/A_tests.txt	2b3ff5908c7d578ea31745a7ba2962c3c18918b39d8a44799731af3fb34a9bc1	30079dbbbac3398862ddc0b1cfc39f1d6da0edeae96662c93f18724d7916bbdb	DIFF
a4_recovery/regen_1570/targeted_1589/phase1_targeted_1488/out/attempt5/B/a3_baseline.v2_1488.json	35f7602baf06d1b6d5a04dab96d76ba92c24395e12e204e77e62ae698b31e328	35f7602baf06d1b6d5a04dab96d76ba92c24395e12e204e77e62ae698b31e328	same
a4_recovery/regen_1570/targeted_1589/phase1_targeted_1488/out/attempt5/B/a3_reaudit_measure.json	269f114c95b6af7f728a883cca7aea278f2b232c7e3df2f98aae9584a6bcca8d	269f114c95b6af7f728a883cca7aea278f2b232c7e3df2f98aae9584a6bcca8d	same
a4_recovery/regen_1570/targeted_1589/phase1_targeted_1488/out/attempt5/B_adapter.txt	2296acbea56982f444dc2077fd38dc23567ca202cd469d98892c7e9ba3c40d59	2296acbea56982f444dc2077fd38dc23567ca202cd469d98892c7e9ba3c40d59	same
a4_recovery/regen_1570/targeted_1589/phase1_targeted_1488/out/attempt5/B/CHECKS.tsv	fb7b447bf5b9649da9e39a4501f1c5043c3ae495ec0ac0c000fa3c5d29f39b10	fb7b447bf5b9649da9e39a4501f1c5043c3ae495ec0ac0c000fa3c5d29f39b10	same
a4_recovery/regen_1570/targeted_1589/phase1_targeted_1488/out/attempt5/B/DEPENDENCIES.tsv	331df7a98f35be79b266fda812d6e5509a511fbfb785075170d6d4ec98cb7f65	331df7a98f35be79b266fda812d6e5509a511fbfb785075170d6d4ec98cb7f65	same
a4_recovery/regen_1570/targeted_1589/phase1_targeted_1488/out/attempt5/B/door_green_1.receipt.json	caf819e2963c7265b36a9ccecadac6e2b9e1d9f38a4614266052b0e923b2d235	caf819e2963c7265b36a9ccecadac6e2b9e1d9f38a4614266052b0e923b2d235	same
a4_recovery/regen_1570/targeted_1589/phase1_targeted_1488/out/attempt5/B/door_green_2.receipt.json	d0b735b7bdd82a80c07d3c0e3187985bf9d63a9657663d33c363664f7eb6dc79	d0b735b7bdd82a80c07d3c0e3187985bf9d63a9657663d33c363664f7eb6dc79	same
a4_recovery/regen_1570/targeted_1589/phase1_targeted_1488/out/attempt5/B/DOOR.json	a42ee4b79483dc90ad3f89697abede80b347c98691c25728c8fd350ff2d374c0	a42ee4b79483dc90ad3f89697abede80b347c98691c25728c8fd350ff2d374c0	same
a4_recovery/regen_1570/targeted_1589/phase1_targeted_1488/out/attempt5/B/DOOR.tsv	0aea8615356e95564297d3bb012c724f0be30ec6a3070ea0da75350e760743b4	0aea8615356e95564297d3bb012c724f0be30ec6a3070ea0da75350e760743b4	same
a4_recovery/regen_1570/targeted_1589/phase1_targeted_1488/out/attempt5/B/OPENED.tsv	283d36e6938d277357cfb6fbfcedd9e75619de511475d4018a4e5d19fe963f64	283d36e6938d277357cfb6fbfcedd9e75619de511475d4018a4e5d19fe963f64	same
a4_recovery/regen_1570/targeted_1589/phase1_targeted_1488/out/attempt5/B/phase1_targeted_1488/phase1.manifest.json	ec065a3ae5b557693b4d390324ffd9dc687a3d0eac13a94aa5eec4f6cce49b1e	ec065a3ae5b557693b4d390324ffd9dc687a3d0eac13a94aa5eec4f6cce49b1e	same
a4_recovery/regen_1570/targeted_1589/phase1_targeted_1488/out/attempt5/B/phase1_targeted_1488/rules.txt	dae73ae098abeb7de4e2844a19398898714d0d1a89166d798486aa170c3a8b9a	dae73ae098abeb7de4e2844a19398898714d0d1a89166d798486aa170c3a8b9a	same
a4_recovery/regen_1570/targeted_1589/phase1_targeted_1488/out/attempt5/B/PLACED.tsv	a478809bc27770759b7dc00f60933bc560ce4fbe2bbecbed956b1c7b9ba0965e	a478809bc27770759b7dc00f60933bc560ce4fbe2bbecbed956b1c7b9ba0965e	same
a4_recovery/regen_1570/targeted_1589/phase1_targeted_1488/out/attempt5/B/red.txt	804073a8d6cfdc195257bdc93c0460ff91e63624e5663379b32ef33cc1323562	804073a8d6cfdc195257bdc93c0460ff91e63624e5663379b32ef33cc1323562	same
a4_recovery/regen_1570/targeted_1589/phase1_targeted_1488/out/attempt5/B/RESULT.txt	c6400dc194cc7f78acb5b8424318827624a74d8a229d7c824313b00fb2b6c358	c6400dc194cc7f78acb5b8424318827624a74d8a229d7c824313b00fb2b6c358	same
a4_recovery/regen_1570/targeted_1589/phase1_targeted_1488/out/attempt5/B.sha	9397495d731304a3e6d4a71bd451d2224a67311ca14123793f0eb78bac589c7e	9397495d731304a3e6d4a71bd451d2224a67311ca14123793f0eb78bac589c7e	same
a4_recovery/regen_1570/targeted_1589/phase1_targeted_1488/out/attempt5/COMPARE.txt	2a837dcc08b277d1208ae95eeeae4a64afe0692d5cd535becdf1dd7f523de97f	2a837dcc08b277d1208ae95eeeae4a64afe0692d5cd535becdf1dd7f523de97f	same
a4_recovery/regen_1570/targeted_1589/phase1_targeted_1488/out/attempt5/HARNESS_SUBSET.txt	8f0c5ec9a72111c1d01d49277bc8932784715949d8f5756d6d6d37d76daeee8b	8f0c5ec9a72111c1d01d49277bc8932784715949d8f5756d6d6d37d76daeee8b	same
a4_recovery/regen_1570/targeted_1589/phase1_targeted_1488/out/attempt5/reaudit.strace	2b922ab8dc2b5bf8409deec9e4fe7807742793d54e4d8426ff178c8c383dd790	11cae37a431a6eca612d882decb314dbb0b3edc444c76cfd650678d9f4dd4be2	DIFF
