record	sha256	what	published_as	bytes
87726	8fa768550041c3ed5ccc54a2a3c48f9da4b67b043c0eb689306bc983b18123a3	invocation that starts BOTH suites	a4_recovery/regen_1570/targeted_1589/post_1500_exact_1626/out/a4_final_lock_1683/FREEZE_1743/reused_records/record_87726.jsonl	2362
87817	1bac8fdcd604ffa4f23241bcc43bc1a8f40809df15358a38410179ae58350684	checker result: 1 failed, 12 passed	a4_recovery/regen_1570/targeted_1589/post_1500_exact_1626/out/a4_final_lock_1683/FREEZE_1743/reused_records/record_87817.jsonl	2609
87823	77976df8c5172c6514160d7e8379e809b4a965197156b5eb41db6b2dc5966d5f	checker patch and rerun	a4_recovery/regen_1570/targeted_1589/post_1500_exact_1626/out/a4_final_lock_1683/FREEZE_1743/reused_records/record_87823.jsonl	6085
87835	0a6e1240911c3afc2de4ab322954860b07d442889cf3ebfbb7dcb3a646f8a14f	checker corrected result: 1 passed, 12 deselected	a4_recovery/regen_1570/targeted_1589/post_1500_exact_1626/out/a4_final_lock_1683/FREEZE_1743/reused_records/record_87835.jsonl	875
87773	a04cfc10415756061b7c1500c170cc73a4fae3e55377b193e41eebbfd427099f	correction-suite result: 1 failed, 16 passed	a4_recovery/regen_1570/targeted_1589/post_1500_exact_1626/out/a4_final_lock_1683/FREEZE_1743/reused_records/record_87773.jsonl	1529
87779	be23d1d46ad02d414ac52514d855c3d1392534adfb2f5c889095069e3b308571	correction-suite patch and rerun	a4_recovery/regen_1570/targeted_1589/post_1500_exact_1626/out/a4_final_lock_1683/FREEZE_1743/reused_records/record_87779.jsonl	2898
87788	19a318df1e65e808d4754ad511a4c011c88e108270b798ec6d725bc1231e8d99	correction-suite corrected result: 1 passed, 16 deselected, rc0, 218.44s	a4_recovery/regen_1570/targeted_1589/post_1500_exact_1626/out/a4_final_lock_1683/FREEZE_1743/reused_records/record_87788.jsonl	921
87703	559a85417d6fea15db3b64d351af9b6e5ea35e7475f8135b93bec06257857e8a	the command that adapted the correction suite to the already-closed round	a4_recovery/regen_1570/targeted_1589/post_1500_exact_1626/out/a4_final_lock_1683/FREEZE_1743/reused_records/record_87703.jsonl	6172
87711	a1e39b23f07be04dafdd5174c35e74bb984cc94b1d24c7ea87b53e9fb334b835	its result, printing the pre-run source bb50489c2bcb62bd before invocation 87726	a4_recovery/regen_1570/targeted_1589/post_1500_exact_1626/out/a4_final_lock_1683/FREEZE_1743/reused_records/record_87711.jsonl	993
