file	sha256	bytes
a4_final_targeted_corr2_run_1506__finalization.json	ee6aaa97556b1aa5e5145c998b26f01e1045f3bd7ec792a748c6992f354c9303	4203
a4_final_targeted_corr2_run_1506__raw__0000940944-26-000009.attempt1.proved.json	f6cccb2ceb6013c46f8dc81a48c7576f62ea48376aceb4a08e44ae6c7b4225fd	4309
a4_final_targeted_corr2_run_1506__raw__0001041061-25-000109.attempt1.proved.json	e505c3f8862b19b6ddfcd506b49f3c2077dc3c2a889f45dfaf2c2fa6066f400b	3808
a4_final_targeted_corr2_run_1506__raw__wf_278b18c7-f5e.000.raw.json	f6cccb2ceb6013c46f8dc81a48c7576f62ea48376aceb4a08e44ae6c7b4225fd	4309
a4_final_targeted_corr2_run_1506__raw__wf_d85a10dc-da0.000.raw.json	e505c3f8862b19b6ddfcd506b49f3c2077dc3c2a889f45dfaf2c2fa6066f400b	3808
a4_final_targeted_corr2_run_1506__receipt.json	281811031aeb9a50346ccd13b9261979f68b882802d4754347f1e906d43d421c	4442
a4_final_targeted_corr2_run_1506__scripts__0000940944-26-000009.attempt1.js	dc4ecc1cc96b4786fc36374613c7017aa735f46a78512d9b7e0d4265c8d76cae	121124
a4_final_targeted_corr2_run_1506__scripts__0001041061-25-000109.attempt1.js	a00ae8761d033f1a30eeadb61dcac256b7a3298e6eefd0140d51cad8fb6ae85e	176783
a4_final_targeted_corr3_run_1509__finalization.json	603be212f3320a21c74ebedd44a16bb8495b8c2a2e17c128d3cb3c050ffa2fc9	4501
a4_final_targeted_corr3_run_1509__raw__0001041061-25-000109.attempt1.proved.json	82aeee0afe5c1bcbdc882b4e65a44e97854a95755918444e844a9ae5b9466601	4849
a4_final_targeted_corr3_run_1509__raw__0001171843-26-001288.attempt1.proved.json	3a05f89560ad34286bcfd652752b2ac70c61935ff4a7d3ac8870b669eaa8ab5f	2626
a4_final_targeted_corr3_run_1509__raw__wf_353e5904-0ad.000.raw.json	3a05f89560ad34286bcfd652752b2ac70c61935ff4a7d3ac8870b669eaa8ab5f	2626
a4_final_targeted_corr3_run_1509__raw__wf_a082a079-d01.000.raw.json	82aeee0afe5c1bcbdc882b4e65a44e97854a95755918444e844a9ae5b9466601	4849
a4_final_targeted_corr3_run_1509__receipt.json	268f55910d888ced32895f4ed3337146090dc66137f408f11d80e8b136cde1dd	4740
a4_final_targeted_corr3_run_1509__scripts__0001041061-25-000109.attempt1.js	d10dcee044b09a8f84e0a33a17d99dd335b62b1f7603a996adeb7d16f172615c	177035
a4_final_targeted_corr3_run_1509__scripts__0001171843-26-001288.attempt1.js	c8f5d5411e3d349b5e3762d75a0210d03c6acbdca74d8c6c86a47fd06071d937	91782
a4_final_targeted_corr_run_1504__finalization.json	8041152380a54837d8c77dd0d204ffc4e07e602a7fbaa76d5308d8e5639d906b	4452
a4_final_targeted_corr_run_1504__raw__0000006201-26-000031.attempt1.proved.json	5830799f73dfa2ddd181750299e87540bb825216bbdab0cd96027a363fa30bd5	6187
a4_final_targeted_corr_run_1504__raw__0000027904-26-000022.attempt1.proved.json	6d5dbc14c687d9a654c4dbffcc94652b67aa9c394ff1833e62fa206820292b01	2676
a4_final_targeted_corr_run_1504__raw__0000940944-26-000005.attempt1.proved.json	f71fe0806e1c6ee4516fceb98311441f2fff6c374ba3b4eea6f41c9e8d2fe8ae	3709
a4_final_targeted_corr_run_1504__raw__0000940944-26-000009.attempt1.proved.json	0640e0d20d2fe2b3859c2bde572bad3598d5feab85074a3e453b6e0db48b825d	5546
a4_final_targeted_corr_run_1504__raw__0001041061-25-000109.attempt1.proved.json	60ca6226c7c551a56be17ba233ca87c00c2c552fed0cabd596d004ed0854ed77	6443
a4_final_targeted_corr_run_1504__raw__wf_4cc5df7d-359.000.raw.json	0640e0d20d2fe2b3859c2bde572bad3598d5feab85074a3e453b6e0db48b825d	5546
a4_final_targeted_corr_run_1504__raw__wf_5430b5a9-717.000.raw.json	5830799f73dfa2ddd181750299e87540bb825216bbdab0cd96027a363fa30bd5	6187
a4_final_targeted_corr_run_1504__raw__wf_76b1dc18-be9.000.raw.json	f71fe0806e1c6ee4516fceb98311441f2fff6c374ba3b4eea6f41c9e8d2fe8ae	3709
a4_final_targeted_corr_run_1504__raw__wf_c867aeaf-1e3.000.raw.json	60ca6226c7c551a56be17ba233ca87c00c2c552fed0cabd596d004ed0854ed77	6443
a4_final_targeted_corr_run_1504__raw__wf_f8d0d343-efe.000.raw.json	6d5dbc14c687d9a654c4dbffcc94652b67aa9c394ff1833e62fa206820292b01	2676
a4_final_targeted_corr_run_1504__receipt.json	e71d301ff23638823353fe68ee0579d65cb175a69a1e2ec2652c38d64a64aab7	5177
a4_final_targeted_corr_run_1504__scripts__0000006201-26-000031.attempt1.js	e7851ce05cc86821cfb23cc078a6bcfe4ba90bd5bb5e24f7d948adf219a4cdd2	118798
a4_final_targeted_corr_run_1504__scripts__0000027904-26-000022.attempt1.js	107049a4c96c869b8aa73e746ed171480863202cbd485fd0b6b9990cb7d6a74f	108180
a4_final_targeted_corr_run_1504__scripts__0000940944-26-000005.attempt1.js	07e44cbb4931568417adc59a9bbb615d9f96721bfcc8753f24684ac779cce136	97041
a4_final_targeted_corr_run_1504__scripts__0000940944-26-000009.attempt1.js	2dca51f553ec8d3c388f5180f3d872310fae94de8c3034827eeb43689d557c40	122639
a4_final_targeted_corr_run_1504__scripts__0001041061-25-000109.attempt1.js	2af834b32a91a71f20dd11140453b67184b4e8e16e37d3d1439a8fa51f231376	175584
a4_final_targeted_run_1500__finalization.json	88489e750de6f66c3ee93752384fde776b87d0e639ca6b55826a8e4be7671d33	3876
a4_final_targeted_run_1500__raw__0000006201-26-000031.attempt1.proved.json	aa3717ead3d4c03c560c76bea97c8ca546f3db04191eb525793525648ab23ed2	9011
a4_final_targeted_run_1500__raw__0000027904-26-000022.attempt1.proved.json	66fcbe94169462bce616b336097a943ac791283479743e0b3f6448dddf56eb9f	3041
a4_final_targeted_run_1500__raw__0000092380-26-000044.attempt1.proved.json	1b6d49948d1202d2e732ec09ccad09f9ad7d5fb84c1d21f5f92b9842b6c5cde8	3008
a4_final_targeted_run_1500__raw__0000940944-26-000005.attempt1.proved.json	57eb032c6e72bf8da824cf5d8f4afb6b433f2d182346eec64da4a68004101d6a	5937
a4_final_targeted_run_1500__raw__0000940944-26-000009.attempt1.proved.json	245b76ed580e88e99a9c9ee72b7b05150d6758794591a718a9a6e3b0438402fb	7215
a4_final_targeted_run_1500__raw__0001041061-25-000109.attempt1.proved.json	8e97ed4089fbd74994b15f519f768afe9b57f82ca454f1f862fa649aafb6d6a4	5899
a4_final_targeted_run_1500__raw__0001104659-26-027061.attempt1.proved.json	fdc0091e4f1703fc810ad0cfb01b6ee8fe223b1f24d73d7e9ae06c4ae485309a	2951
a4_final_targeted_run_1500__raw__0001171843-26-001288.attempt1.proved.json	be0a31ac09bb544286bc63cb8abce5b631c8b2a2b0fcb432cf6f6947ee56fdc7	3433
a4_final_targeted_run_1500__raw__wf_24ff384d-b7a.000.raw.json	fdc0091e4f1703fc810ad0cfb01b6ee8fe223b1f24d73d7e9ae06c4ae485309a	2951
a4_final_targeted_run_1500__raw__wf_34958e49-61b.000.raw.json	1b6d49948d1202d2e732ec09ccad09f9ad7d5fb84c1d21f5f92b9842b6c5cde8	3008
a4_final_targeted_run_1500__raw__wf_35c2a22f-8a3.000.raw.json	aa3717ead3d4c03c560c76bea97c8ca546f3db04191eb525793525648ab23ed2	9011
a4_final_targeted_run_1500__raw__wf_382023ae-795.000.raw.json	be0a31ac09bb544286bc63cb8abce5b631c8b2a2b0fcb432cf6f6947ee56fdc7	3433
a4_final_targeted_run_1500__raw__wf_829e84c9-e3a.000.raw.json	245b76ed580e88e99a9c9ee72b7b05150d6758794591a718a9a6e3b0438402fb	7215
a4_final_targeted_run_1500__raw__wf_9f9f3383-169.000.raw.json	8e97ed4089fbd74994b15f519f768afe9b57f82ca454f1f862fa649aafb6d6a4	5899
a4_final_targeted_run_1500__raw__wf_f2089dc7-25a.000.raw.json	57eb032c6e72bf8da824cf5d8f4afb6b433f2d182346eec64da4a68004101d6a	5937
a4_final_targeted_run_1500__raw__wf_f6167dce-72e.000.raw.json	66fcbe94169462bce616b336097a943ac791283479743e0b3f6448dddf56eb9f	3041
a4_final_targeted_run_1500__receipt.json	937a766698be672f0359fb8464814aa259030bdbad4164412ddb3cc5da3f7eb2	5087
a4_final_targeted_run_1500__scripts__0000006201-26-000031.attempt1.js	118119efca1db761db9c99829b4872b8658014826257dd0b8a01c2930f22d2fe	124979
a4_final_targeted_run_1500__scripts__0000027904-26-000022.attempt1.js	ad706e865650e8a41b0ecd7e31cea0b8c624074fd8c0df2751bd498b596ad895	109428
a4_final_targeted_run_1500__scripts__0000092380-26-000044.attempt1.js	5ce44ff83cc53e8f628c2a514bf32af046187b6a7ffeea47ee9e196646a16179	113584
a4_final_targeted_run_1500__scripts__0000940944-26-000005.attempt1.js	ccbe0d8cac6ebfd8aa3412b1da08fb3548949e1bb3e79cbb13d1a1a04459772e	94774
a4_final_targeted_run_1500__scripts__0000940944-26-000009.attempt1.js	e40547e6d6eb6dfc1413f37e876c0026a5caec82fffeba9631018575afccd3bf	122059
a4_final_targeted_run_1500__scripts__0001041061-25-000109.attempt1.js	4da4752b71e206a7010f72499baf4a33770f6524bc050b1949c4b1d7253895cb	177880
a4_final_targeted_run_1500__scripts__0001104659-26-027061.attempt1.js	b4bdbb270107447d868b31ff650d992e726b47211a85705707c0e0dba022d28d	98951
a4_final_targeted_run_1500__scripts__0001171843-26-001288.attempt1.js	ccfca6de82c252084e0091cb22bc127e63636d3ae65068d27273c06ce72a1039	89178
a4_hard_review_run_1495__finalization.json	9490b80e038e76eda260102ab5273f3989066220f485e93cb2d9f53c9a34bd0a	3788
a4_hard_review_run_1495__raw__hrt-000_b1.attempt1.proved.json	9d3b7b94d3779f6cb7fe4ce9957c57cc75f271d391d77ba9b92f56b4fe4eed3e	988
a4_hard_review_run_1495__raw__hrt-000_b2.attempt1.proved.json	9d3b7b94d3779f6cb7fe4ce9957c57cc75f271d391d77ba9b92f56b4fe4eed3e	988
a4_hard_review_run_1495__raw__hrt-001_b1.attempt1.proved.json	2918c1744704d2c70b0de7988f2fd662caa6889633ab3fdb0e5690ae80cd7672	1165
a4_hard_review_run_1495__raw__hrt-001_b2.attempt1.proved.json	4d292efe999b69f5b0daac3d16c408a051b3a19af8858ce2081e001001cbb957	923
a4_hard_review_run_1495__raw__hrt-002_b1.attempt1.proved.json	3e4c9944593785252b2693b8f0b52e5eed29f0222f023dd74d2ac52a92c397d0	922
a4_hard_review_run_1495__raw__hrt-002_b2.attempt1.proved.json	1d521dd590a95cd0d7d2ffae4ec5c8a952cac140a0b9eda6b1a0f27a7416244c	922
a4_hard_review_run_1495__raw__hrt-003_b1.attempt1.proved.json	bbc5140e7d06ede4b8d330da1a83e9ae84475d01c489fe6bf1729e024bc84023	957
a4_hard_review_run_1495__raw__hrt-003_b2.attempt1.proved.json	d162f3cd953cef379a495a19c597c2d39ade705504aaeb90f7df0d49ee350b9d	946
a4_hard_review_run_1495__raw__hrt-004_b1.attempt1.proved.json	06fa53b97e7e059df0fc76921c9854c105866dc40785619a70dfb93dc8f33999	936
a4_hard_review_run_1495__raw__hrt-004_b2.attempt1.proved.json	61ca8964370fc314ad5096132bb93b7ae650925766f3bc825640fd5a98254529	926
a4_hard_review_run_1495__raw__hrt-005_b1.attempt1.proved.json	b606d11f691c270a94de8370b1780ebbb70311750ccbcd93784daa22dcc2d324	935
a4_hard_review_run_1495__raw__hrt-005_b2.attempt1.proved.json	22ef493bda16e8ff67a3dc2aaec89bc53b2ec907700655fd2b3ad827784fa550	935
a4_hard_review_run_1495__raw__hrt-006_b1.attempt1.proved.json	b73eeff680d34cc58a8c0770d611b2d961a867ab037226e4c89a67b6f6f85125	976
a4_hard_review_run_1495__raw__hrt-006_b2.attempt1.proved.json	2736847d24d21c968ac8dc19dd1ef21a55d33eb0a7ba3d2530e151e803530c7d	993
a4_hard_review_run_1495__raw__hrt-007_b1.attempt1.proved.json	37fce62853308de88729b6b98eb0e2b186650e9397a577de6eb44780ba6c78cf	768
a4_hard_review_run_1495__raw__hrt-007_b2.attempt1.proved.json	d0044bda54369173235b97d099b68e97443e0caf0fe90881e98553b1f4fd55ae	953
a4_hard_review_run_1495__raw__hrt-008_b1.attempt1.proved.json	291ad87f05e5dbf71a5a5723e763123f497f631046a8ee904385d25b7d41d745	1945
a4_hard_review_run_1495__raw__hrt-008_b2.attempt1.proved.json	86aae1ab4094fbb95101f4269215627874346bc19c87c76ba143a6c39391dd0c	1821
a4_hard_review_run_1495__raw__hrt-009_b1.attempt1.proved.json	380b766efa6dab87d282d9632a98121d96ea57344a5e23abe2df42dc7cc8858b	922
a4_hard_review_run_1495__raw__hrt-009_b2.attempt1.proved.json	0d3c6d30b1acac9f6faa60484712d75c156ef4256d8e6b75994ec9793b282336	926
a4_hard_review_run_1495__raw__hrt-010_b1.attempt1.proved.json	00e22534faab5da7c5e16718a1187dcdfb4f525fa9982cc114ad780bb9167ec9	1066
a4_hard_review_run_1495__raw__hrt-010_b2.attempt1.proved.json	c1374b3b60fec6115d51ccaa180667b928a9c02eeda77031763ff1a36887399d	991
a4_hard_review_run_1495__raw__wf_233429a1-1e1.000.raw.json	37fce62853308de88729b6b98eb0e2b186650e9397a577de6eb44780ba6c78cf	768
a4_hard_review_run_1495__raw__wf_3356d35e-12b.000.raw.json	2736847d24d21c968ac8dc19dd1ef21a55d33eb0a7ba3d2530e151e803530c7d	993
a4_hard_review_run_1495__raw__wf_340dd5d1-db6.000.raw.json	9d3b7b94d3779f6cb7fe4ce9957c57cc75f271d391d77ba9b92f56b4fe4eed3e	988
a4_hard_review_run_1495__raw__wf_41d3923f-464.000.raw.json	0d3c6d30b1acac9f6faa60484712d75c156ef4256d8e6b75994ec9793b282336	926
a4_hard_review_run_1495__raw__wf_42dd6ad9-13a.000.raw.json	2918c1744704d2c70b0de7988f2fd662caa6889633ab3fdb0e5690ae80cd7672	1165
a4_hard_review_run_1495__raw__wf_4a7b93c1-da5.000.raw.json	86aae1ab4094fbb95101f4269215627874346bc19c87c76ba143a6c39391dd0c	1821
a4_hard_review_run_1495__raw__wf_545cfd27-62d.000.raw.json	00e22534faab5da7c5e16718a1187dcdfb4f525fa9982cc114ad780bb9167ec9	1066
a4_hard_review_run_1495__raw__wf_5d8a2d2c-cb0.000.raw.json	9d3b7b94d3779f6cb7fe4ce9957c57cc75f271d391d77ba9b92f56b4fe4eed3e	988
a4_hard_review_run_1495__raw__wf_72ffcf73-2a0.000.raw.json	bbc5140e7d06ede4b8d330da1a83e9ae84475d01c489fe6bf1729e024bc84023	957
a4_hard_review_run_1495__raw__wf_7dddfbae-895.000.raw.json	61ca8964370fc314ad5096132bb93b7ae650925766f3bc825640fd5a98254529	926
a4_hard_review_run_1495__raw__wf_91cb0595-0fe.000.raw.json	b73eeff680d34cc58a8c0770d611b2d961a867ab037226e4c89a67b6f6f85125	976
a4_hard_review_run_1495__raw__wf_a06ce974-67b.000.raw.json	b606d11f691c270a94de8370b1780ebbb70311750ccbcd93784daa22dcc2d324	935
a4_hard_review_run_1495__raw__wf_b21bad09-ed5.000.raw.json	1d521dd590a95cd0d7d2ffae4ec5c8a952cac140a0b9eda6b1a0f27a7416244c	922
a4_hard_review_run_1495__raw__wf_b72a5d6e-a75.000.raw.json	d162f3cd953cef379a495a19c597c2d39ade705504aaeb90f7df0d49ee350b9d	946
a4_hard_review_run_1495__raw__wf_ba54bf3a-dd7.000.raw.json	d0044bda54369173235b97d099b68e97443e0caf0fe90881e98553b1f4fd55ae	953
a4_hard_review_run_1495__raw__wf_be408d2c-6cc.000.raw.json	22ef493bda16e8ff67a3dc2aaec89bc53b2ec907700655fd2b3ad827784fa550	935
a4_hard_review_run_1495__raw__wf_d2cb53c6-57b.000.raw.json	3e4c9944593785252b2693b8f0b52e5eed29f0222f023dd74d2ac52a92c397d0	922
a4_hard_review_run_1495__raw__wf_d31f0037-971.000.raw.json	291ad87f05e5dbf71a5a5723e763123f497f631046a8ee904385d25b7d41d745	1945
a4_hard_review_run_1495__raw__wf_dd814327-41a.000.raw.json	4d292efe999b69f5b0daac3d16c408a051b3a19af8858ce2081e001001cbb957	923
a4_hard_review_run_1495__raw__wf_ebe77c5d-1fa.000.raw.json	380b766efa6dab87d282d9632a98121d96ea57344a5e23abe2df42dc7cc8858b	922
a4_hard_review_run_1495__raw__wf_f27057f3-c11.000.raw.json	c1374b3b60fec6115d51ccaa180667b928a9c02eeda77031763ff1a36887399d	991
a4_hard_review_run_1495__raw__wf_fc2b648d-3dc.000.raw.json	06fa53b97e7e059df0fc76921c9854c105866dc40785619a70dfb93dc8f33999	936
a4_hard_review_run_1495__receipt.json	a5077a0d79b0941e97cc1f322ce1d86ae203480f6aeea6ef484a66e3735bc9c2	7102
a4_hard_review_run_1495__scripts__hrt-000_b1.attempt1.js	7fb7499cb696d9a5a1b791ffd92383d44225c7f2c80d4a3298a8a77c492d1e4a	74214
a4_hard_review_run_1495__scripts__hrt-000_b2.attempt1.js	bdca68a218dab6eee6f2c8c7e3db2b9b7a7f1eb9ccec29d77698561f99650bfd	74214
a4_hard_review_run_1495__scripts__hrt-001_b1.attempt1.js	92df556d081415c7ac4c189da62f17a49e6b2c5ed7099a27c4c0aa64483c48c8	74094
a4_hard_review_run_1495__scripts__hrt-001_b2.attempt1.js	e439c8be5b236f54e8a7fb65eb83b2cac2d2b39d13930900ff6a79e91f209d9c	74094
a4_hard_review_run_1495__scripts__hrt-002_b1.attempt1.js	5ed35358820d70ae80daa8da86e3cf49904da9247012f78e17acc1e2d52deb5e	74919
a4_hard_review_run_1495__scripts__hrt-002_b2.attempt1.js	07aea6f732bcfc23a622a8637994ee486eac8e006b7eded09a56f63c3f62ee1d	74919
a4_hard_review_run_1495__scripts__hrt-003_b1.attempt1.js	600ee3f3a652e514c735e52674dd13cd6b6e48d3488ab48085cf9181dec3ca13	73091
a4_hard_review_run_1495__scripts__hrt-003_b2.attempt1.js	e27d73aa52fbe8cd8e4aacb68ab6934bd13964e8b7d2bce445e686790358b602	73091
a4_hard_review_run_1495__scripts__hrt-004_b1.attempt1.js	17280397e30e9f19b6dc31dea2120d306c8173781513ad7cef4f7f353f0bbc0f	77482
a4_hard_review_run_1495__scripts__hrt-004_b2.attempt1.js	2901659951c0206f920f40612e4b5d7a4324c585620430f9427d35b5d462968a	77482
a4_hard_review_run_1495__scripts__hrt-005_b1.attempt1.js	7fad81af56f936d090480bd33d1a5217db80842feb95ec74350abe57d348a441	57776
a4_hard_review_run_1495__scripts__hrt-005_b2.attempt1.js	8168cb331629f8a598ac9bde5f04eadca2a1408a6688ead677b1e18c61f859ef	57776
a4_hard_review_run_1495__scripts__hrt-006_b1.attempt1.js	28c2aa579bbf3d5b0e8fe7150003f9a35a52dece9c6c17c647859854aa3ba015	81442
a4_hard_review_run_1495__scripts__hrt-006_b2.attempt1.js	5a87a475cc73bf1e53b7a396709bd5d31549af6cc384f2ae41bc97a80c0919e8	81442
a4_hard_review_run_1495__scripts__hrt-007_b1.attempt1.js	0ed3a315b74de40181d5468350ecaa6da0092fc2746ffe773a00391598d289ae	81456
a4_hard_review_run_1495__scripts__hrt-007_b2.attempt1.js	b9c54a829b6eac9689d836060d3c0230e4167b78b9c1f47dc6b6600d51fb1c5f	81456
a4_hard_review_run_1495__scripts__hrt-008_b1.attempt1.js	6a5f13cbf470ec36580af6e6322d7ed033bbde8e699def435c6e2d2561f51b33	136371
a4_hard_review_run_1495__scripts__hrt-008_b2.attempt1.js	d84db050422b2e2a4cdfa68d8fef1528c14db96defac1f32b832f397551a8151	136371
a4_hard_review_run_1495__scripts__hrt-009_b1.attempt1.js	603e85b434e9c62ad380d2fcd538dfff1eafe294cad25bfc8d9f0a2328fced29	63428
a4_hard_review_run_1495__scripts__hrt-009_b2.attempt1.js	2657f3656a7123ed3867c4f9737638582ffc76f432b5f0c1a5ef7b3f0ea92f21	63428
a4_hard_review_run_1495__scripts__hrt-010_b1.attempt1.js	2907433ec23c8557e4cc290b1cd7197cf82638f6c43f122f9c14e31caad5f4cd	52915
a4_hard_review_run_1495__scripts__hrt-010_b2.attempt1.js	c9a7ee253fb8d5a18ada4c6a3bd4fbaddae0a283ac42d263d86373e7355d66ac	52915
a4_targeted_run_1491__finalization.json	bdbac1e126d35b65da8b9677e851ccbcc3de94963779a670be7e46c0a853ca43	2018
a4_targeted_run_1491__raw__0000006201-26-000031_001.attempt1.proved.json	5566dfa871eccf1e9d0b69047c47b5b4a430597e4619d48f100d5aa79016771b	3034
a4_targeted_run_1491__raw__0000006201-26-000031_006.attempt1.proved.json	644365cf456b69d3aa943552947909c182868840c312a1e6724c03299f393425	2143
a4_targeted_run_1491__raw__0000006201-26-000031_008.attempt1.proved.json	a5059f410ebc2178ded55717f759d2173db69e75473c52e56119e9302190d4fd	2349
a4_targeted_run_1491__raw__0000027904-26-000022_029.attempt1.proved.json	61b3606410e89e8083d0c52c6c175e22298b5f8bd65b437c8e9006183c438c88	2660
a4_targeted_run_1491__raw__0000092380-26-000044_042.attempt1.proved.json	4b34df48be66997dc110d8838fe7a81b5d1f7de06981e318666e2f39b97accb2	2490
a4_targeted_run_1491__raw__0000940944-26-000005_065.attempt1.proved.json	eb27857fcf0519b39b8b5d616df6dfb3631f8cdd41f1b974c04722395fb6d5c5	3322
a4_targeted_run_1491__raw__0000940944-26-000009_068.attempt1.proved.json	2ca4252f0d10bb68fe8f240f6bd240e1c5ca325debbd5150f38b33eda76687b4	3307
a4_targeted_run_1491__raw__0000940944-26-000009_072.attempt1.proved.json	e95b87e3de91249ecfb9890b0dd65feb050adbd1aa8e9689b7c872d778f3e685	4108
a4_targeted_run_1491__raw__0001041061-25-000109_075.attempt1.proved.json	f221e2eb7bc510f923cdb5967f1a1ff6d70bc3549f12391b99aeec3caa6c73da	4961
a4_targeted_run_1491__raw__0001104659-26-027061_115.attempt1.proved.json	da127a892793bfb47ea4fec55fc889a749a0cc867eef753ea36a09eb780eb4b8	1949
a4_targeted_run_1491__raw__0001171843-26-001288_133.attempt1.proved.json	cd58a2683bfcc3cc677528e293ba21d45289b3ab8af97a74d1bf99a819511246	2396
a4_targeted_run_1491__raw__wf_151dc0d0-21b.000.raw.json	4b34df48be66997dc110d8838fe7a81b5d1f7de06981e318666e2f39b97accb2	2490
a4_targeted_run_1491__raw__wf_18711197-8f3.000.raw.json	a5059f410ebc2178ded55717f759d2173db69e75473c52e56119e9302190d4fd	2349
a4_targeted_run_1491__raw__wf_1b219d0e-f6f.000.raw.json	5566dfa871eccf1e9d0b69047c47b5b4a430597e4619d48f100d5aa79016771b	3034
a4_targeted_run_1491__raw__wf_4d457126-2c2.000.raw.json	644365cf456b69d3aa943552947909c182868840c312a1e6724c03299f393425	2143
a4_targeted_run_1491__raw__wf_6190a18b-6dc.000.raw.json	61b3606410e89e8083d0c52c6c175e22298b5f8bd65b437c8e9006183c438c88	2660
a4_targeted_run_1491__raw__wf_816056b1-7d0.000.raw.json	2ca4252f0d10bb68fe8f240f6bd240e1c5ca325debbd5150f38b33eda76687b4	3307
a4_targeted_run_1491__raw__wf_9b565634-84f.000.raw.json	e95b87e3de91249ecfb9890b0dd65feb050adbd1aa8e9689b7c872d778f3e685	4108
a4_targeted_run_1491__raw__wf_b2e9766c-4b3.000.raw.json	eb27857fcf0519b39b8b5d616df6dfb3631f8cdd41f1b974c04722395fb6d5c5	3322
a4_targeted_run_1491__raw__wf_d5a9c34a-271.000.raw.json	f221e2eb7bc510f923cdb5967f1a1ff6d70bc3549f12391b99aeec3caa6c73da	4961
a4_targeted_run_1491__raw__wf_f9443ff9-759.000.raw.json	da127a892793bfb47ea4fec55fc889a749a0cc867eef753ea36a09eb780eb4b8	1949
a4_targeted_run_1491__raw__wf_ff9f0be4-1c4.000.raw.json	cd58a2683bfcc3cc677528e293ba21d45289b3ab8af97a74d1bf99a819511246	2396
a4_targeted_run_1491__receipt.json	a1f287a7f3bc9dc3f71a1c11fbc2a75254027a9cbd5af5a03d492b0f5dcf49a9	3985
a4_targeted_run_1491__retry__finalization.json	3e65d39066d56a9315b91538e47738cbf1ee79326f80abf94208e4da540c1102	1050
a4_targeted_run_1491__retry__raw__0000940944-26-000009_072.attempt2.proved.json	937f89d684527248a6ac362fdb8b2934b86279288d694d64d24c4d907ed33ee1	3987
a4_targeted_run_1491__retry__raw__wf_cbc7405a-c2d.000.raw.json	937f89d684527248a6ac362fdb8b2934b86279288d694d64d24c4d907ed33ee1	3987
a4_targeted_run_1491__retry__receipt.json	04e1d48c79396d9720da5c68184493b24fe58fbb7708416438fb8917f47de93d	1518
a4_targeted_run_1491_launch__01_0000006201-26-000031_001.attempt1.js	4c83f7d201862357cd88d403273558a04c8f1e0755705e6c1db71090f406b554	75002
a4_targeted_run_1491_launch__02_0000006201-26-000031_006.attempt1.js	888ae18756299ec3520e72233f062eff799bfa5a4dd1f8d72a124c75ac00bb81	75538
a4_targeted_run_1491_launch__03_0000006201-26-000031_008.attempt1.js	1c1773f0c8c174433a43d98879a324f9ad1e2179f4f92a68fa9b2b14d274eae9	76086
a4_targeted_run_1491_launch__04_0000027904-26-000022_029.attempt1.js	01c49e8790cd82b89f4ed2e70d5b9b37e9f6031ed30bd14e7a729394b32d5231	72990
a4_targeted_run_1491_launch__05_0000092380-26-000044_042.attempt1.js	89c5fdb2d561fe1c93f9cd91841f18da99eec1598bea4241afdfcadd919f6b39	77390
a4_targeted_run_1491_launch__06_0000940944-26-000005_065.attempt1.js	d9c1ac8ece540ac1332a97f8dc1609b807d2679f06c9ff0702ae892278378f0b	58357
a4_targeted_run_1491_launch__07_0000940944-26-000009_068.attempt1.js	3871a1430a9ed429902c43b5ab01a6d542934ee65e49ba4145531c3217f666fb	81747
a4_targeted_run_1491_launch__08_0000940944-26-000009_072.attempt1.js	23361c67480c3da4e0785941ef97bc62793d3b7eabe72267099482a821a72366	81712
a4_targeted_run_1491_launch__09_0001041061-25-000109_075.attempt1.js	c51311703ae07cb71a8be3a6763c8354cb63b2d5c1acab75601b32c8efc3a1da	136264
a4_targeted_run_1491_launch__10_0001104659-26-027061_115.attempt1.js	5deb70be9f62e8fb15603baf6ed6e0339f3f77dd679df8f98b3015298186a3ef	63107
a4_targeted_run_1491_launch__11_0001171843-26-001288_133.attempt1.js	ff34ff7cd672933136bbe5d24c8260fc64a5496b2e6d3cfad95d280487359f52	53767
a4_targeted_run_1491_launch__child_0000940944-26-000009_072.attempt2.js	dc308ebabf13a97f6e68bdab5ca9014e28542c303bc6bb32ca32a384160e6b82	81712
a7_budget_receipt_1488.json	f6904a81569b13eab92f1582d195c90d8ef6005e41ee2b58cbfe05689e7bf506	5553
a7_budget_receipt_1492.json	5ffe791f3d7e4d1a29461b4d77c95e654ba3fe2114a1d1119c86fbfff2f2b68d	6322
a7_budget_receipt_1493.json	20b74a65e6a776f038ad225f1094ab60a1d197f537d4b5a5184358a513964eac	6547
a7_budget_receipt_1496.json	dca8b5871cec5944cfdff1bd7a5d9d35676d37b2b094c0a64b2dd3af0c74439d	7180
a7_budget_receipt_1505.json	9a969ae319c0bdb01b27982591162d775837da64892275faaed6c75d77fdaee1	9061
a7_g1_event_run4__finalization.seg01.json	6d7cf01385a1058d5c7ad7d64b9ccad4da2f06b574bfd70909665896e14cd513	1672
a7_g1_event_run4__finalization.seg02.json	f7a87dcf131c7cd3b3ef121603ad671118e8712c0108631bf70f0aff7da6ab45	1570
a7_g1_event_run4__finalization.seg03.json	6cb1664aba4c1d2b02f402a0e3fe656874848c8a5f40d1e777f617879c0f6aed	1876
a7_g1_event_run4__finalization.seg04.json	e1712c5d28bcffba90f8b35533818b3f6670ac154a206c0ba172acea213c611d	1604
a7_g1_event_run4__finalization.seg05.json	d48f573daec4e28cf3f8e094917d973df855f8d5b5ec76635defa560863b428c	1536
a7_g1_event_run4__finalization.seg06.json	e1883b3a7c4e47b24afafd1d7b8c6df1bc6305e900ef3783ff83c174feb53a2d	1570
a7_g1_event_run4__finalization.seg07.json	ffdc6afae9f2c70dea71ce1b72663836e4e3d80075cd1aaec417b62e5e1be468	1400
a7_g1_event_run4__root.json	b491596136682a696876844bedd656c5cc71ff73b323f1be87d307514df3cf81	36454
a7_g1_run3__finalization.seg01.json	c1cc5150b8e8704d1cbb064efd077078c513950a5c3f8e576659d905f18f121d	610
a7_g1_run3__finalization.seg02.json	e636a61ee39d54e9dc2d6931c050738e7d0e89e595be46c68e8c05545d6ae901	1803
a7_g1_run3__finalization.seg03.json	bb26d904129f8d03d9cf39d0864d944bc381fb25b7f8be4caf20530c7336ee0d	712
a7_g1_run3__finalization.seg04.json	4e6462649d46a24e5737b7321604f9094d25fc9d4bbd707b19853f6338bc6483	712
a7_g1_run3__finalization.seg05.json	8307f8cd1c325f166be4e18ffe2a281be702a57d89a9a5848e43f10669f91aa1	712
a7_g1_run3__finalization.seg06.json	fefd92377ebf195a6ac8314df4930f7ab401251f2a49544b236a81cdda16b949	712
a7_g1_run3__finalization.seg07.json	9bfabd17e669987e633a2a814c942402a6d02d8b2dca9585bb7822b8b90104d1	712
a7_g1_run3__finalization.seg08.json	77ee645a93c555ff53118383ea8d38d6705627309d05c30055836cee5bdb8a93	712
a7_g1_run3__finalization.seg09.json	1ae534ba3e2a0ffe64f4d98f920529b17c53372904cf2ac4e1f8e25ea05c5256	712
a7_g1_run3__finalization.seg10.json	06cb4a5c192f3c43ea68dab7f1971f1ba97bd73ac90573dcdbc4dfc83f4d92df	713
a7_g1_run3__finalization.seg11.json	adada43c1d5a62e4ee007d945183c0e96f22041579dbb0eaba01b1f65e822083	747
a7_g1_run3__finalization.seg12.json	80235ce1591e53df476193b1a02b851ea4bb80bd4002504977a2e9b5eb2f96a6	895
a7_g1_run3__finalization.seg13.json	1ad0f907d2960799da88d60441bf27efb66000dc93766398fb99dc9ddc942dbb	720
a7_g1_run3__finalization.seg14.json	85636f9d32d96ead3597605068e4cc7706c781ecafafa9883a97c71cd4816f68	713
a7_g1_run3__finalization.seg15.json	b8e587302183d23c99ee0f9e352ca658b338259d48cb8c3561d99a3cffdfa94d	713
a7_g1_run3__finalization.seg16.json	5821bfbcce7cf21de8635567ed16360c5249ae7f8c46e3309cf2609fc7073f2d	713
a7_g1_run3__finalization.seg17.json	980d16c77227c6fd065b81b1b0719f0f06167368b73b63db60f40bede3ef4d6c	713
a7_g1_run3__finalization.seg18.json	c0693e97f1824bf7c35089336deb58d8cdd2fd3f19865d1760f9ae5d570490be	713
a7_g1_run3__finalization.seg19.json	a14b2147ae5f24917aff9b32b2b0c950f4de9a4e85a0a61cd746099a7323b055	713
a7_g1_run3__finalization.seg20.json	580e9745bcecf6090951b81f531f578e57d22bb37a28b23c34447f0cc1fc8ce6	713
a7_g1_run3__finalization.seg21.json	99d46bb20f56bde9d8be8f35ab895e7fcfea10c7650849dbe7a66352447c2bb2	713
a7_g1_run3__finalization.seg22.json	805f562b7e71f78e1c64a7a3d374c7ff9351861a609d343befa9130d4f6444d1	846
a7_g1_run3__finalization.seg23.json	21cdda495eec0f4bb6796a8d65cc592343cbffbe89b2cacb0fb79a20602435d0	611
a7_g1_run3__finalization.seg24.json	702da07e7e8eaa247661e7309c22c0347a88e58440f5095bab0c7684f00c9e97	713
a7_g1_run3__finalization.seg25.json	2341032cd8836e06f222ca41c6d918e49d02084c71843a1c5520ad0ef0e5968a	713
a7_g1_run3__finalization.seg26.json	fd60da4e55edbc39c95370111cfc9ce4df3dccdf2980ffa3119db81dbfea5660	713
a7_g2_candidate__a7_g1_candidate.json	21ae14e50050780e6dcac5451c72a4ed5d96b283d38f6f8cd78de2dccc180d19	25106
a7_g3_candidate__a7_g1_candidate.json	53a60ec15228c685b27da89b0bf4ff6c86ece4c78dbe3b9fff127f1040ae0c3a	65280
a7_key_v9_correction.json	e110c1eb642728c706530c87451a5e508b71b72d0ea68658107ed5a15255b2f6	35800
a7_key_v9_gold.json	71de3716ecfb12f478d2fdb50fded5cc3b41314616ee23ecbc301b5896458192	344107
a7_od1_run__raw__OD1-000__OD1a.attempt1.txt	bd92e19d84341d0c816152d866e96c1c22ed3c91fb543eecf2a0528e317e4a49	124
a7_od1_run__raw__OD1-000__OD1b.attempt1.txt	bd92e19d84341d0c816152d866e96c1c22ed3c91fb543eecf2a0528e317e4a49	124
a7_od1_run__raw__OD1-001__OD1a.attempt1.txt	a7363af9d2541daef22d6e06aa3b5d0e878f73261ab6fce279f54cc27d7d82c5	137
a7_od1_run__raw__OD1-001__OD1b.attempt1.txt	a7363af9d2541daef22d6e06aa3b5d0e878f73261ab6fce279f54cc27d7d82c5	137
a7_od1_run_v2__raw__OD1-000__OD1a.attempt1.txt	bd92e19d84341d0c816152d866e96c1c22ed3c91fb543eecf2a0528e317e4a49	124
a7_od1_run_v2__raw__OD1-000__OD1b.attempt1.txt	bd92e19d84341d0c816152d866e96c1c22ed3c91fb543eecf2a0528e317e4a49	124
a7_od1_run_v2__raw__OD1-001__OD1a.attempt1.txt	e4f117756ff21916c9fd05786786d7644082c567c6f6f4b49b239d40061a1c1f	78
a7_od1_run_v2__raw__OD1-001__OD1b.attempt1.txt	e4f117756ff21916c9fd05786786d7644082c567c6f6f4b49b239d40061a1c1f	78
a7_source_locator_audit_1486.json	a867227f1e720b7d63e09ae1bd252d964130761a98d4c7a59338deec95156cb7	135422
a7_v3_prepared_run_1479__a5_menu_backmap.json	b502407ca9dd497287fa46f3799ca6d713bb8838163581d3436e865039a6a18f	761328
a7_v3_prepared_run_1479__finalization.json	fc572d546cf81b4dba49432f5446c32ccc35c13167e31db09bff9cadb01ac081	86476
a7_v3_prepared_run_1479__launch__exp5_a5_0000006201-26-000031.attempt1.js	d96553d5eb97b9ccb597d643df2a9724ecbc4e4c951c870823c812e555990451	86805
a7_v3_prepared_run_1479__launch__exp5_a5_0000006201-26-000032.attempt1.js	f70a63ad0133ac09d66e9a5a694f9cf735e441e1a68794b155e864e8f095af7b	95530
a7_v3_prepared_run_1479__launch__exp5_a5_0000027904-26-000013.attempt1.js	d4d9f6467dd4feb97dcacc93253ef461e729a052fd1e14d89e34b0162680bf33	234643
a7_v3_prepared_run_1479__launch__exp5_a5_0000027904-26-000020.attempt1.js	f9d022f3a79fe4a40ecb5ddef80576d339171df534a7752cd27216e66381a181	92845
a7_v3_prepared_run_1479__launch__exp5_a5_0000027904-26-000022.attempt1.js	7a4755ca344a9c2c3a18f9cc2e483da6b3f34aad64d2aab9df157c283c176804	82406
a7_v3_prepared_run_1479__launch__exp5_a5_0000063908-26-000032.attempt1.js	a0348328aca97b9a8680c7df9d10d44ebd6dccaabf046c21f8746c3752340e6d	62903
a7_v3_prepared_run_1479__launch__exp5_a5_0000092380-26-000044.attempt1.js	ba827685bdf4cb8ca10c8105cad148b878bd3e150e30d931835af1a4833d1d8a	86804
a7_v3_prepared_run_1479__launch__exp5_a5_0000764478-25-000057.attempt1.js	79410890016bae4e326994033c14c3d93b8293cf2f607c3ad45659fc28379fe9	90202
a7_v3_prepared_run_1479__launch__exp5_a5_0000764478-26-000005.attempt1.js	8065a03899e4a35fea02d1694d0907e9e1116ec0cf16a59a4b33297540d10a80	42218
a7_v3_prepared_run_1479__launch__exp5_a5_0000898173-26-000006.attempt1.js	5086dde11033797c5a588f358be54630fdc1322cca7c7b0db2abed56bd840aa3	80836
a7_v3_prepared_run_1479__launch__exp5_a5_0000940944-25-000038.attempt1.js	e0d1da8251392b5878fb585cea9420afe15438dce40fadcf34af23bac1edd47c	224294
a7_v3_prepared_run_1479__launch__exp5_a5_0000940944-26-000005.attempt1.js	ca2ca104d56592c23485b4b8a4f19ae3009e30a886c64619c2422d08191563b3	66329
a7_v3_prepared_run_1479__launch__exp5_a5_0000940944-26-000009.attempt1.js	efb982f5fa1bc7051a81a5e76b9e709e79df86655793a745fb532d6ba4fb7d61	91203
a7_v3_prepared_run_1479__launch__exp5_a5_0001041061-25-000109.attempt1.js	9b416ea23aeec4d4fe6e3154fa7fc8c2ff209256c79761df5a2ce1f881a2fd50	103600
a7_v3_prepared_run_1479__launch__exp5_a5_0001041061-26-000003.attempt1.js	383de3ab1a5631313a131a1d140eb68662b8361a3362133c07e9c2351bca5d52	106659
a7_v3_prepared_run_1479__launch__exp5_a5_0001041061-26-000084.attempt1.js	0ef54b3732fe3ef83c8a4e6583cdd419c8010e4a36feb6feecf3713be01971f2	254180
a7_v3_prepared_run_1479__launch__exp5_a5_0001058090-26-000007.attempt1.js	966f561b654fbe21863314c6eb75478427837c2a54f625f175e0b1691af1fefa	77483
a7_v3_prepared_run_1479__launch__exp5_a5_0001104659-25-102611.attempt1.js	dcea81494c7ed865dd2a718483ff8c94d50068272f1509877ede3eae9bd743af	202426
a7_v3_prepared_run_1479__launch__exp5_a5_0001104659-25-105631.attempt1.js	e66917e64d00f79dcfd2f43af5966ee434c739892d1a26866355a1f253f6edfd	98915
a7_v3_prepared_run_1479__launch__exp5_a5_0001104659-25-118458.attempt1.js	deeb02c11d1c891e947728bc0712064c3091cbaeae866eb46d4f6a3e26045e73	87457
a7_v3_prepared_run_1479__launch__exp5_a5_0001104659-26-017090.attempt1.js	55484f1ce12cf122af946915bdbaf53b09bbcd2adf4460dfb4ca3f38eb949775	66985
a7_v3_prepared_run_1479__launch__exp5_a5_0001104659-26-027061.attempt1.js	36385452372f6b8a0ad284bf2a9a4f6a92bfe8f20c9afe94322d219798385d63	77305
a7_v3_prepared_run_1479__launch__exp5_a5_0001104659-26-032757.attempt1.js	baa8bbb569fef989f38ca52c4c813bced46cd547ab1452822847d071daa5581c	94558
a7_v3_prepared_run_1479__launch__exp5_a5_0001171843-26-001288.attempt1.js	d1ba2bf034ab40627ac965f03a212e0f6f87345085e6749128fe4e8d051506d6	63178
a7_v3_prepared_run_1479__launch__exp5_a5_AAL_2026-04-23T08.30.attempt1.js	8003f969fce432d0283f0a6eecde57da46f8911e9d1a1aded86510641e9b1a9e	103252
a7_v3_prepared_run_1479__launch__exp5_a5_BBY_2026-03-03T08.00.attempt1.js	03daf1201fcfa87a6a1fe24e4abebba8e016291a9305b5f45f5ef51c6e66138a	106405
a7_v3_prepared_run_1479__launch__exp5_a5_CMG_2026-02-03T16.30.attempt1.js	e0f50a66987a4d7ca20dd81540d45731c365efd9a8dbd8cb61203fc17436e96a	110399
a7_v3_prepared_run_1479__launch__exp5_a5_DAL_2026-04-08T10.00.attempt1.js	c0d1e6ce3bd013ae07dcde3b299d089b0492f07c15cef0a75a8e2a6adf9b565b	105825
a7_v3_prepared_run_1479__launch__exp5_a5_DRI_2026-03-19T08.30.attempt1.js	aa954af38dc297285e319cf8be919c0c8ddab93475db5f5c2390fb66465d7f7b	130117
a7_v3_prepared_run_1479__launch__exp5_a5_MCD_2026-02-11T16.30.attempt1.js	5ca277d632b9b6b6459f5e41aa0e20d59fd21f9bb6ebc3347ae1ec6673a4c3bc	110281
a7_v3_prepared_run_1479__launch__exp5_a5_ULTA_2026-03-12T16.30.attempt1.js	6b69a8be71a27ed7b7a93f27f09d899bad2a6129d5e56a2df253492b6fd6b1e4	105533
a7_v3_prepared_run_1479__launch__exp5_a5_YUM_2026-02-04T08.15.attempt1.js	52bc7179d4c82ec50283ff5c50758ed18d08405619aa65478fd49e81e62c7fc7	101347
a7_v3_prepared_run_1479__launch__exp5_a5_bzNews_42014391.attempt1.js	37a53e0073369c19230c90679f98ed079c797772256a4a68645a64e63a312038	42569
a7_v3_prepared_run_1479__launch__exp5_a5_bzNews_49256211.attempt1.js	5f8837630f7aee5f1a98bd61314a2c44b87b587134828449eb15c6ea47e406f6	41262
a7_v3_prepared_run_1479__launch__exp5_a5_bzNews_50877032.attempt1.js	7351ae77e705f86a37f82d7fd82f354344f2e534216711a28dc0769722098ba6	46015
a7_v3_prepared_run_1479__launch__exp5_a5_bzNews_51962983.attempt1.js	5f2dc71886670e5e4035f1c818382e234251e14233b841b062763ff050d33f4e	42823
a7_v3_prepared_run_1479__plan__a5_exp5_reader.manifest.json	804a3b190042244fddcc9349b0442a55cafed8bf2225270d02f2411078c4ed51	1500679
a7_v3_prepared_run_1479__plan__a5_launcher.bundle.json	df7e07d869cd17d92a5dd599daf1e15cc6ad29f4b5e4d417057205258468812c	65309
a7_v3_prepared_run_1479__plan__launchers_a5__exp5_a5_0000006201-26-000031.workflow.js	ee57add03e576124136c46edc6670e76d227417f4e49730aac6881bb3ddc5f6d	85435
a7_v3_prepared_run_1479__plan__launchers_a5__exp5_a5_0000006201-26-000032.workflow.js	64f22b684aba26f0b81d6f6923eac40b8e72741d33a0dfea33aef1e8c4a85a04	94526
a7_v3_prepared_run_1479__plan__launchers_a5__exp5_a5_0000027904-26-000013.workflow.js	d0a0cfaa53dd4339cab9df8250ac3de56c84f28294b9518a44f213f6ba61920a	233273
a7_v3_prepared_run_1479__plan__launchers_a5__exp5_a5_0000027904-26-000020.workflow.js	f17e9d70d56be9f9a915d9917216e296579619bb56a15fe4332b8e659433d55d	92085
a7_v3_prepared_run_1479__plan__launchers_a5__exp5_a5_0000027904-26-000022.workflow.js	efb2f04a72c3195fe65367ab370f088515d3471ab560315e4a421acd63d190b3	81646
a7_v3_prepared_run_1479__plan__launchers_a5__exp5_a5_0000063908-26-000032.workflow.js	0e24384602a489d7612de41d26c3a011179663af0fc7cd89223f9f2ee226640c	61777
a7_v3_prepared_run_1479__plan__launchers_a5__exp5_a5_0000092380-26-000044.workflow.js	413f0855207d7ca1f0199367cb427b0239a0ce487e9acb277f0707e03c60e3dc	85922
a7_v3_prepared_run_1479__plan__launchers_a5__exp5_a5_0000764478-25-000057.workflow.js	1dc43a404b27ce5890f6a62c84d294daef783f019ec7dd7dff44cbdea1bdd980	89320
a7_v3_prepared_run_1479__plan__launchers_a5__exp5_a5_0000764478-26-000005.workflow.js	c841c69217a33a3037dbb202d6fc747f4edd6a36ed112a7b25339b8e47965f59	41824
a7_v3_prepared_run_1479__plan__launchers_a5__exp5_a5_0000898173-26-000006.workflow.js	ea7f1003eb5bdf1979587453b31210fa58d26c006a9e2f7c7178f461810f555c	79588
a7_v3_prepared_run_1479__plan__launchers_a5__exp5_a5_0000940944-25-000038.workflow.js	9a85d9df488215ed3ec31045a3226ce7d4f89049d91bb84fa53b680240f16e2a	223290
a7_v3_prepared_run_1479__plan__launchers_a5__exp5_a5_0000940944-26-000005.workflow.js	5b2a91dd77e6df2764c5e9241f5d599bc534777b78d2aa5dcac0acc016ee018d	65569
a7_v3_prepared_run_1479__plan__launchers_a5__exp5_a5_0000940944-26-000009.workflow.js	38009e755ed87e76e027916b36f8a2ff610d1597075b2b750742b7a26fd1657b	90321
a7_v3_prepared_run_1479__plan__launchers_a5__exp5_a5_0001041061-25-000109.workflow.js	08ed46cfc5cc6f85755f9a39b048c7ee8f5b18826c0237418daf982d9968fc27	102840
a7_v3_prepared_run_1479__plan__launchers_a5__exp5_a5_0001041061-26-000003.workflow.js	d937f7d2b26c15dfd4192f43a8b263412ff17d525a40d10ef1ae23140a8798a0	105777
a7_v3_prepared_run_1479__plan__launchers_a5__exp5_a5_0001041061-26-000084.workflow.js	83d76b0ae170351a4bf6fb548c7215b8efca661e191220aeb4a47401882d2fde	252810
a7_v3_prepared_run_1479__plan__launchers_a5__exp5_a5_0001058090-26-000007.workflow.js	79a9f23a061edecf5668a6d2b48c823bc901c7d1714cf69245630bcadca38055	76723
a7_v3_prepared_run_1479__plan__launchers_a5__exp5_a5_0001104659-25-102611.workflow.js	ebb70131590e1e45b379fc10240800da5c4e55dbe0657a709e8d6219eaa75c9d	201422
a7_v3_prepared_run_1479__plan__launchers_a5__exp5_a5_0001104659-25-105631.workflow.js	edb2635048943e8afa9555cc625897f64ca5d6b8e56f768e5d7406280cf95f8c	98155
a7_v3_prepared_run_1479__plan__launchers_a5__exp5_a5_0001104659-25-118458.workflow.js	276e6e0d1a34e201d480a8bb27b1d877b0bf8d624914fb20483d9497c276a2f4	86697
a7_v3_prepared_run_1479__plan__launchers_a5__exp5_a5_0001104659-26-017090.workflow.js	ef959cf2625570f328ce452600866a28925c7714e35f0398041edf49a9f8103e	66103
a7_v3_prepared_run_1479__plan__launchers_a5__exp5_a5_0001104659-26-027061.workflow.js	29b92e4721e099a6f26f1d3894027473821af58e03065c83bc3ec96136add380	75691
a7_v3_prepared_run_1479__plan__launchers_a5__exp5_a5_0001104659-26-032757.workflow.js	0759a6d937ea23321bde3ba5c6784383e42bbe6bd93dd609c7213d1a52a18d45	93554
a7_v3_prepared_run_1479__plan__launchers_a5__exp5_a5_0001171843-26-001288.workflow.js	280bd49a97bc7e44b2687d3c8ede93a320ff8756d0c5e5dc5fa33f6e6a69c56a	62296
a7_v3_prepared_run_1479__plan__launchers_a5__exp5_a5_AAL_2026-04-23T08.30.workflow.js	54a56cd20c95c31da16396843b9378c260386450dc6f25d280411fe31d7521d8	102492
a7_v3_prepared_run_1479__plan__launchers_a5__exp5_a5_BBY_2026-03-03T08.00.workflow.js	ced73af4356522af4d4f3f70a55a36e9deb06322ad7c421047bc5ad639f37799	105401
a7_v3_prepared_run_1479__plan__launchers_a5__exp5_a5_CMG_2026-02-03T16.30.workflow.js	d277d15778703cc131a0efdbb12b3e6149914bb98ff2d121927b12d534b85575	109273
a7_v3_prepared_run_1479__plan__launchers_a5__exp5_a5_DAL_2026-04-08T10.00.workflow.js	0873a08cba3831bdf5dbba4db27d37712acd3694f31136a68c639edb6695895f	105065
a7_v3_prepared_run_1479__plan__launchers_a5__exp5_a5_DRI_2026-03-19T08.30.workflow.js	bf11c9ccb12f69302019b49fbcfaa7d823612a2e5442488259ca3f70892ac9e1	128991
a7_v3_prepared_run_1479__plan__launchers_a5__exp5_a5_MCD_2026-02-11T16.30.workflow.js	1261d46c6fe9699a04422b34e4b858c383d763ac9a97ba3340e753fee192d230	108667
a7_v3_prepared_run_1479__plan__launchers_a5__exp5_a5_ULTA_2026-03-12T16.30.workflow.js	66641470dbbf5f0237f30b075ca0535f5a3443f786e9efcf291e8e6637cc7bff	104251
a7_v3_prepared_run_1479__plan__launchers_a5__exp5_a5_YUM_2026-02-04T08.15.workflow.js	ee55818cab3262b4f9aaea3e24911311c26b7976d643c94e85eff59671599c32	100343
a7_v3_prepared_run_1479__plan__launchers_a5__exp5_a5_bzNews_42014391.workflow.js	905047813323d8672dc663fc5f1651eb8a304887b9b061aa49594c02a0827419	42103
a7_v3_prepared_run_1479__plan__launchers_a5__exp5_a5_bzNews_49256211.workflow.js	16237c054b6c639be18a0ab33eefcf31d6a21ca8550c62481341dd6176ff0fa7	40898
a7_v3_prepared_run_1479__plan__launchers_a5__exp5_a5_bzNews_50877032.workflow.js	b5f5c358e3ef19c6820283be30d589c23160b2f6efe83a931db408a9a7b86e79	45447
a7_v3_prepared_run_1479__plan__launchers_a5__exp5_a5_bzNews_51962983.workflow.js	7ac6991c298c14076a6e0794cd852138ba14af8a67150157b2438850f945db55	42459
a7_v3_prepared_run_1479__raw__00000.attempt1.raw.json	652af1ce454c916296debd70405d8e7295700377a51b13cad30152b93b95d270	643
a7_v3_prepared_run_1479__raw__00001.attempt1.raw.json	7c5687a8b63867d223f607a602ebab7504a1322c2136be3a1aafaecf895eb8a4	641
a7_v3_prepared_run_1479__raw__00002.attempt1.raw.json	f367893a5411682f5d9272e5564e4b102da69481095bf9e57fee1001973d4077	440
a7_v3_prepared_run_1479__raw__00003.attempt1.raw.json	51ee1e49e322b046e044a905805b06035035ad2db3ad36f805cad1d3880f5fb9	936
a7_v3_prepared_run_1479__raw__00004.attempt1.raw.json	b514e128818a292551806e0e20c87ee54bb96c0534f6f47b8f3cd3aa3ee53f6f	541
a7_v3_prepared_run_1479__raw__00005.attempt1.raw.json	fefbab56631e6f245be8d24cefad9d6ca017fee08055d03948dbd5bf45fd7f9e	586
a7_v3_prepared_run_1479__raw__00006.attempt1.raw.json	da9fe6c767fdeb613c2ae71085ce8913bb02a17b2fd4e5c575da1d4715be947d	1005
a7_v3_prepared_run_1479__raw__00007.attempt1.raw.json	a31020278c410f8a13af9d55ef82a7a1a7a7b71547c03ab88237fc2a870167d3	1182
a7_v3_prepared_run_1479__raw__00008.attempt1.raw.json	bcdbd9efe08803d752429135f0da4ca0bd19de30f8af9f1c43053ec5388e5b76	624
a7_v3_prepared_run_1479__raw__00009.attempt1.raw.json	fd3d46ee2dade1c8bb9d91f2e7e87f6099e11b99c0e935842c5119eb93e0c14d	838
a7_v3_prepared_run_1479__raw__00010.attempt1.raw.json	217f76afb3e79235197a0d4b0d23d6859007a059a5f973bdf89cc037ffa0d9a8	473
a7_v3_prepared_run_1479__raw__00011.attempt1.raw.json	217f76afb3e79235197a0d4b0d23d6859007a059a5f973bdf89cc037ffa0d9a8	473
a7_v3_prepared_run_1479__raw__00012.attempt1.raw.json	5e35a3420e6ff3261089c4265468b38b2556ef52b627382464989b334d2872eb	668
a7_v3_prepared_run_1479__raw__00013.attempt1.raw.json	86911588cdd2b46e6964f079b7b194dd480d5cc67e9b565e49d04590a8d15f3a	512
a7_v3_prepared_run_1479__raw__00014.attempt1.raw.json	0d9b08566e11fe4716992db87318fa26cb3ff6b76ffd0e2161b1ac553c0c2198	687
a7_v3_prepared_run_1479__raw__00015.attempt1.raw.json	4060826facdc2e263f7ea4515336c69f745226a20e78e83de1098c865a85b6e8	687
a7_v3_prepared_run_1479__raw__00016.attempt1.raw.json	542da7ae0dba22297cee171171fb6b996c2529e8a82deefd24ac11e0a62805b8	954
a7_v3_prepared_run_1479__raw__00017.attempt1.raw.json	542da7ae0dba22297cee171171fb6b996c2529e8a82deefd24ac11e0a62805b8	954
a7_v3_prepared_run_1479__receipt.json	99c4621be26a6d8e5a8fc6a095e7c6f34de09f47537cfb72599700f37f573bb6	122825
scratch__a3_serial_dir.txt	e29f820a3981e9786bb7449890d6ed63e617af15c3e0206361efdc02e4f9f13b	187
scratch__a3_serial_dir.txt	e29f820a3981e9786bb7449890d6ed63e617af15c3e0206361efdc02e4f9f13b	187
scratch__a4_dir.txt	63c90444936472cc7568a494ee97c789eeffabca739345a1082f7a1a2b6bfa44	176
scratch__a4_dir.txt	63c90444936472cc7568a494ee97c789eeffabca739345a1082f7a1a2b6bfa44	176
scratch__budget_receipt_1508.py	43cb623295a4a2dc328ab61980bf4e5357a86fba5aec0a6ca02821593c0f3d9c	8878
scratch__budget_receipt_1508.py	43cb623295a4a2dc328ab61980bf4e5357a86fba5aec0a6ca02821593c0f3d9c	8878
scratch__corr_dir.txt	cc3dac05fe827ff0c918186e24a11bcc83b97632d9bad8e8b5d55000a3e55c26	173
scratch__corr_dir.txt	cc3dac05fe827ff0c918186e24a11bcc83b97632d9bad8e8b5d55000a3e55c26	173
scratch__decision_dir.txt	e25b66c18ea94851aa4c89b55e4298525df764e69203b36bb16e60d2f3a6cd9b	176
scratch__decision_dir.txt	e25b66c18ea94851aa4c89b55e4298525df764e69203b36bb16e60d2f3a6cd9b	176
scratch__final_dir.txt	a8238d1e7990370fc8679a9870bf29019a0da53cb20e2e33e820f1df8f67e06b	174
scratch__final_dir.txt	a8238d1e7990370fc8679a9870bf29019a0da53cb20e2e33e820f1df8f67e06b	174
scratch__final_targeted_binding.json	d9a5fe296a2633d70e0fdf906bdcadc855eee01bdc84a5ff12a038a51be3787f	2660
scratch__final_targeted_binding.json	d9a5fe296a2633d70e0fdf906bdcadc855eee01bdc84a5ff12a038a51be3787f	2660
scratch__final_targeted_dir.txt	369d25a3bc7e31eac7680bfb527f6c881e6a25fce9989a7bc701d59e33808a3f	32
scratch__final_targeted_dir.txt	369d25a3bc7e31eac7680bfb527f6c881e6a25fce9989a7bc701d59e33808a3f	32
scratch__hard_review_targeted_binding.json	3ae97054b2ef3e7af9786cf12382de96987bc031f61bb1038dec19310a66428e	5157
scratch__hard_review_targeted_binding.json	3ae97054b2ef3e7af9786cf12382de96987bc031f61bb1038dec19310a66428e	5157
scratch__hard_review_targeted_dir.txt	959032958f5baeb17e60a2d3ccd3afb99a94b38995449de2afd3c9cbc0aa84a4	29
scratch__hard_review_targeted_dir.txt	959032958f5baeb17e60a2d3ccd3afb99a94b38995449de2afd3c9cbc0aa84a4	29
scratch__hr_dir.txt	927e38ba01b9582667b20fe4547ff5756e761b1f98aa3b60fdecda51958fec23	179
scratch__hr_dir.txt	927e38ba01b9582667b20fe4547ff5756e761b1f98aa3b60fdecda51958fec23	179
scratch__hrfix_dir.txt	51f00b8e61010888a595d6553122048ce73b2bf596fc0b64f89551be91a8d312	173
scratch__hrfix_dir.txt	51f00b8e61010888a595d6553122048ce73b2bf596fc0b64f89551be91a8d312	173
scratch__signer_dir.txt	968afaa8b6963590a77450f0c074c975351ffa9ed729ff0a69b0fa60586cf619	172
scratch__signer_dir.txt	968afaa8b6963590a77450f0c074c975351ffa9ed729ff0a69b0fa60586cf619	172
scratch__targeted_binding.json	55f39a34a16f710a24b069105b9c439c1ba761b8f486cc0e582c78435488d9f8	3352
scratch__targeted_binding.json	55f39a34a16f710a24b069105b9c439c1ba761b8f486cc0e582c78435488d9f8	3352
scratch__targeted_dir.txt	a7005817c9a472dab895d9db95ff57f2b453f19cb44fdb791c4ba81c058ebbbd	26
scratch__targeted_dir.txt	a7005817c9a472dab895d9db95ff57f2b453f19cb44fdb791c4ba81c058ebbbd	26
scratch__v4_dir.txt	cba68f1544e8c9c9bce8f51fe871bf5aea21e31911fc84aa794772a967819e46	175
scratch__v4_dir.txt	cba68f1544e8c9c9bce8f51fe871bf5aea21e31911fc84aa794772a967819e46	175
scratch__v5_dir.txt	fab6570f89d9da268a83f218e8fc8c78fce194be8f9a7b32f5632b4e03e1b1bb	174
scratch__v5_dir.txt	fab6570f89d9da268a83f218e8fc8c78fce194be8f9a7b32f5632b4e03e1b1bb	174
scratch__v6_dir.txt	3728dc332bf03adc433c88ea84768ad91d70d35f175b9924b25e256117e3d3ec	174
scratch__v6_dir.txt	3728dc332bf03adc433c88ea84768ad91d70d35f175b9924b25e256117e3d3ec	174
