path	sha256	bytes
a4_recovery/regen_1570/targeted_1589/correction_1488/out/attempt3_exact_recon/A.sha	d02de651dc1b0bba6c50e63a7ffdc8151f2825b67c09a45acbfe024ba915f70e	1553
a4_recovery/regen_1570/targeted_1589/correction_1488/out/attempt3_exact_recon/A/CHECKS.tsv	b786562f951232d149b33b7feb7417f00fb8dfc0d38e0d5bf1b852f76eead70f	2566
a4_recovery/regen_1570/targeted_1589/correction_1488/out/attempt3_exact_recon/A/DEPENDENCIES.tsv	e12b7c99230e609889140b88533950738613fc32e23c6557ac46078fa0a5750c	5521
a4_recovery/regen_1570/targeted_1589/correction_1488/out/attempt3_exact_recon/A/PATCHES.tsv	996d1de2cbc0ae19467fee147080d2c71c98b018c38cd80a734608c9279b2e81	667
a4_recovery/regen_1570/targeted_1589/correction_1488/out/attempt3_exact_recon/A/PLACED.tsv	fa9afa0112f666d71717efef4a8b27bb973c66d589c9c0b49bf12ee0168af071	1044
a4_recovery/regen_1570/targeted_1589/correction_1488/out/attempt3_exact_recon/A/RESULT.txt	7888020dc6bf03ebdadfc6b8aaaeff739779e97ab468f7906a818b7edb7e1c7a	4301
a4_recovery/regen_1570/targeted_1589/correction_1488/out/attempt3_exact_recon/A/build_final_lock_v2.1488.py	89e1e71fd345b4e9176f9fb46ac78e3a2555c35655d0bc44b3bb35ab03f1d368	16771
a4_recovery/regen_1570/targeted_1589/correction_1488/out/attempt3_exact_recon/A/candidate_v2_1487/adjudication_sidecar.json	2a0164e65bd0cf16062235a09243a0035133d3de55d20406a71d6c01528ff0ee	370203
a4_recovery/regen_1570/targeted_1589/correction_1488/out/attempt3_exact_recon/A/candidate_v2_1487/correction_receipt.json	01e502346291a4602a22106727cf2c3537bdc8d452128461dd7a661de3cb3c76	57790
a4_recovery/regen_1570/targeted_1589/correction_1488/out/attempt3_exact_recon/A/candidate_v2_1487/final_inventory.json	1440d75131c0c7418a66821778a88d5c1ff8fd9bdf7f4cca4d561b596c1b3066	134064
a4_recovery/regen_1570/targeted_1589/correction_1488/out/attempt3_exact_recon/A/candidate_v2_1487/validator_receipt.json	d0772374d9902bcc7bcefdb3b897821753cd55f71bb0104629c5f303053f330d	601
a4_recovery/regen_1570/targeted_1589/correction_1488/out/attempt3_exact_recon/A/candidate_v2_1488/adjudication_sidecar.json	041ebf64e2dab6f6af67887d6b70b03262a5e90b82087ae630a403080c343e37	370296
a4_recovery/regen_1570/targeted_1589/correction_1488/out/attempt3_exact_recon/A/candidate_v2_1488/correction_receipt.json	bc5ac688abe66763a5cc99f9fb3a3708ba15b83c9a47fd327ffaac2dcb653eab	57875
a4_recovery/regen_1570/targeted_1589/correction_1488/out/attempt3_exact_recon/A/candidate_v2_1488/final_inventory.json	1440d75131c0c7418a66821778a88d5c1ff8fd9bdf7f4cca4d561b596c1b3066	134064
a4_recovery/regen_1570/targeted_1589/correction_1488/out/attempt3_exact_recon/A/candidate_v2_1488/validator_receipt.json	2e7afac63207d46513659a74f25c5811f04a1af40121ec82534993830e94adbb	606
a4_recovery/regen_1570/targeted_1589/correction_1488/out/attempt3_exact_recon/A/one_item_benchmark_inventory.v2_1487.json	1440d75131c0c7418a66821778a88d5c1ff8fd9bdf7f4cca4d561b596c1b3066	134064
a4_recovery/regen_1570/targeted_1589/correction_1488/out/attempt3_exact_recon/A/reconciliation_final.placed.json	524e78c49f650bdd7cc2277c171f27180e4a011bb6b2830cd96057585f344476	244490
a4_recovery/regen_1570/targeted_1589/correction_1488/out/attempt3_exact_recon/A_adapter.txt	7888020dc6bf03ebdadfc6b8aaaeff739779e97ab468f7906a818b7edb7e1c7a	4301
a4_recovery/regen_1570/targeted_1589/correction_1488/out/attempt3_exact_recon/A_green_1488.txt	dc128dadb5c525b5537f4ab09e9ac4d0b4f8cb21f526c7565e8c25422c0fc281	740
a4_recovery/regen_1570/targeted_1589/correction_1488/out/attempt3_exact_recon/A_mutations.txt	ee438c8659c0b87e6f3ba5ee7f5345825195d54bf5315ba8d2616d61025157eb	582
a4_recovery/regen_1570/targeted_1589/correction_1488/out/attempt3_exact_recon/A_red_1487.txt	e3b8e5f6f8b4abd8e59fcd23842c950ece25266237db4409900c030c814236b6	769
a4_recovery/regen_1570/targeted_1589/correction_1488/out/attempt3_exact_recon/B.sha	d02de651dc1b0bba6c50e63a7ffdc8151f2825b67c09a45acbfe024ba915f70e	1553
a4_recovery/regen_1570/targeted_1589/correction_1488/out/attempt3_exact_recon/B/CHECKS.tsv	b786562f951232d149b33b7feb7417f00fb8dfc0d38e0d5bf1b852f76eead70f	2566
a4_recovery/regen_1570/targeted_1589/correction_1488/out/attempt3_exact_recon/B/DEPENDENCIES.tsv	e12b7c99230e609889140b88533950738613fc32e23c6557ac46078fa0a5750c	5521
a4_recovery/regen_1570/targeted_1589/correction_1488/out/attempt3_exact_recon/B/PATCHES.tsv	996d1de2cbc0ae19467fee147080d2c71c98b018c38cd80a734608c9279b2e81	667
a4_recovery/regen_1570/targeted_1589/correction_1488/out/attempt3_exact_recon/B/PLACED.tsv	fa9afa0112f666d71717efef4a8b27bb973c66d589c9c0b49bf12ee0168af071	1044
a4_recovery/regen_1570/targeted_1589/correction_1488/out/attempt3_exact_recon/B/RESULT.txt	7888020dc6bf03ebdadfc6b8aaaeff739779e97ab468f7906a818b7edb7e1c7a	4301
a4_recovery/regen_1570/targeted_1589/correction_1488/out/attempt3_exact_recon/B/build_final_lock_v2.1488.py	89e1e71fd345b4e9176f9fb46ac78e3a2555c35655d0bc44b3bb35ab03f1d368	16771
a4_recovery/regen_1570/targeted_1589/correction_1488/out/attempt3_exact_recon/B/candidate_v2_1487/adjudication_sidecar.json	2a0164e65bd0cf16062235a09243a0035133d3de55d20406a71d6c01528ff0ee	370203
a4_recovery/regen_1570/targeted_1589/correction_1488/out/attempt3_exact_recon/B/candidate_v2_1487/correction_receipt.json	01e502346291a4602a22106727cf2c3537bdc8d452128461dd7a661de3cb3c76	57790
a4_recovery/regen_1570/targeted_1589/correction_1488/out/attempt3_exact_recon/B/candidate_v2_1487/final_inventory.json	1440d75131c0c7418a66821778a88d5c1ff8fd9bdf7f4cca4d561b596c1b3066	134064
a4_recovery/regen_1570/targeted_1589/correction_1488/out/attempt3_exact_recon/B/candidate_v2_1487/validator_receipt.json	d0772374d9902bcc7bcefdb3b897821753cd55f71bb0104629c5f303053f330d	601
a4_recovery/regen_1570/targeted_1589/correction_1488/out/attempt3_exact_recon/B/candidate_v2_1488/adjudication_sidecar.json	041ebf64e2dab6f6af67887d6b70b03262a5e90b82087ae630a403080c343e37	370296
a4_recovery/regen_1570/targeted_1589/correction_1488/out/attempt3_exact_recon/B/candidate_v2_1488/correction_receipt.json	bc5ac688abe66763a5cc99f9fb3a3708ba15b83c9a47fd327ffaac2dcb653eab	57875
a4_recovery/regen_1570/targeted_1589/correction_1488/out/attempt3_exact_recon/B/candidate_v2_1488/final_inventory.json	1440d75131c0c7418a66821778a88d5c1ff8fd9bdf7f4cca4d561b596c1b3066	134064
a4_recovery/regen_1570/targeted_1589/correction_1488/out/attempt3_exact_recon/B/candidate_v2_1488/validator_receipt.json	2e7afac63207d46513659a74f25c5811f04a1af40121ec82534993830e94adbb	606
a4_recovery/regen_1570/targeted_1589/correction_1488/out/attempt3_exact_recon/B/one_item_benchmark_inventory.v2_1487.json	1440d75131c0c7418a66821778a88d5c1ff8fd9bdf7f4cca4d561b596c1b3066	134064
a4_recovery/regen_1570/targeted_1589/correction_1488/out/attempt3_exact_recon/B/reconciliation_final.placed.json	524e78c49f650bdd7cc2277c171f27180e4a011bb6b2830cd96057585f344476	244490
a4_recovery/regen_1570/targeted_1589/correction_1488/out/attempt3_exact_recon/B_adapter.txt	7888020dc6bf03ebdadfc6b8aaaeff739779e97ab468f7906a818b7edb7e1c7a	4301
a4_recovery/regen_1570/targeted_1589/correction_1488/out/attempt3_exact_recon/B_green_1488.txt	dc128dadb5c525b5537f4ab09e9ac4d0b4f8cb21f526c7565e8c25422c0fc281	740
a4_recovery/regen_1570/targeted_1589/correction_1488/out/attempt3_exact_recon/B_red_1487.txt	e3b8e5f6f8b4abd8e59fcd23842c950ece25266237db4409900c030c814236b6	769
a4_recovery/regen_1570/targeted_1589/correction_1488/out/attempt3_exact_recon/COMPARE.txt	2a837dcc08b277d1208ae95eeeae4a64afe0692d5cd535becdf1dd7f523de97f	10
a4_recovery/regen_1570/targeted_1589/correction_1488/out/attempt3_exact_recon_world_log.txt	b8231ea1fc6aed6c5efb6c423119b6116897630f15cd63394c361055b31f655e	3254
a4_recovery/regen_1570/targeted_1589/correction_1488/owner_1487/build_final_lock.py	b78a733cac842ca68125904dd7d52b66580ff5b30740d2664dbf5810511bdf42	16006
a4_recovery/regen_1570/targeted_1589/correction_1488/owner_1487/build_final_lock_v2.py	9d3644e0f1b316865188dfa21fd8d1650c73a8a426aa9137399139f209f26075	14165
a4_recovery/regen_1570/targeted_1589/correction_1488/patches/PROVENANCE.tsv	96ba477e206e06d83243831524bea613e1d9429fb46eceabde8e7053b2dce60d	683
a4_recovery/regen_1570/targeted_1589/correction_1488/patches/RECORDED_RESULTS.tsv	a9126f0f5f8a3c93f69dc56be1242ad419744326cc7a999fe213f10b7ac04733	2256
a4_recovery/regen_1570/targeted_1589/correction_1488/patches/patch_79355_pin_and_bind.py	a7558b3016c49acab2ea92c787d5b9f2dee91c412048e277eb0fc37ebdb4eea4	14464
a4_recovery/regen_1570/targeted_1589/correction_1488/patches/patch_79488_default_out.py	4fa3c78441766b5b309f452345b2797a2047f8cd5a79758966f63e4d3396326e	3009
a4_recovery/regen_1570/targeted_1589/correction_1488/pins_1594.json	12b1a9953094d915647db82a06570c7c1263eed3e882e4efb8674cfc277a1684	653
a4_recovery/regen_1570/targeted_1589/correction_1488/reconciliation_1342/archives/archive_CODEX_1340.md	a55df946ea1acf7695036d588c27e4357deb65fa4f36e7fab22647dfbcdc257a	8235
a4_recovery/regen_1570/targeted_1589/correction_1488/reconciliation_1342/archives/archive_CODEX_1342.md	ddef039ccc1a4a59994f651c8385629d8d49b72ac2b3e6f47fb3516fbb9b2453	6203
a4_recovery/regen_1570/targeted_1589/correction_1488/reconciliation_1342/out/A.sha	f7b746f883a8483341ff6ed069e1ef493727d9f3f68f4e62d26530d20f995cc1	1005
a4_recovery/regen_1570/targeted_1589/correction_1488/reconciliation_1342/out/A/CHECKS.tsv	2e7418d661d98c652b794956f7438fe955d4cd9347411b726ea0d7829b5a4557	965
a4_recovery/regen_1570/targeted_1589/correction_1488/reconciliation_1342/out/A/DEPENDENCIES.tsv	c1d039ce3e0a98c85418e43abda9dd17035d035c2607e5a28bbf913008e50c27	3291
a4_recovery/regen_1570/targeted_1589/correction_1488/reconciliation_1342/out/A/INPUTS.tsv	b288a6d61d33f2ac9bc40142469a2d7df26e2511c858d48625492d688c6a7408	13825
a4_recovery/regen_1570/targeted_1589/correction_1488/reconciliation_1342/out/A/PLACED.tsv	348facce249af837e1a2f0a5bb11c3d23d440dda7c463d49fc6d226b280985db	290
a4_recovery/regen_1570/targeted_1589/correction_1488/reconciliation_1342/out/A/RESULT.txt	f89f915a27de9b42e6d6b002de836ded770cec7fa66d616b9ab5de7f549898ef	1853
a4_recovery/regen_1570/targeted_1589/correction_1488/reconciliation_1342/out/A/control_cov.log	84a02a29add0d2dafdd3ae821c998997005f5e1743a58eec24e1d3bf4e3c0073	12517
a4_recovery/regen_1570/targeted_1589/correction_1488/reconciliation_1342/out/A/control_identity.log	8d45c455e554b5bbdd3e6a097ec5c3753c44bc9b74a78c4e4edd5e892468f684	12626
a4_recovery/regen_1570/targeted_1589/correction_1488/reconciliation_1342/out/A/owner_final.log	55464f8b601e3cb86e1e6fedb8be739b46493aba49d1676fc581404653194ac2	12626
a4_recovery/regen_1570/targeted_1589/correction_1488/reconciliation_1342/out/A/owner_final_again.log	55464f8b601e3cb86e1e6fedb8be739b46493aba49d1676fc581404653194ac2	12626
a4_recovery/regen_1570/targeted_1589/correction_1488/reconciliation_1342/out/A/reconciliation_final.replayed.json	524e78c49f650bdd7cc2277c171f27180e4a011bb6b2830cd96057585f344476	244490
a4_recovery/regen_1570/targeted_1589/correction_1488/reconciliation_1342/out/A/reconciliation_final.replayed.txt	687c49f2805ef40456921a0c4cb93a864f62c90a2092f47ee526bd1a826481e6	12304
a4_recovery/regen_1570/targeted_1589/correction_1488/reconciliation_1342/out/A/red.txt	8e7888d7c669f7a85f27c9ea2aa8d90fbdb0628990bc5cca689375b4891e5ca1	206
a4_recovery/regen_1570/targeted_1589/correction_1488/reconciliation_1342/out/A_adapter.txt	0e03847ba09a3bb94a3941934bafc28854a9a3e870621dc03dd856fb469c9474	2059
a4_recovery/regen_1570/targeted_1589/correction_1488/reconciliation_1342/out/B.sha	f7b746f883a8483341ff6ed069e1ef493727d9f3f68f4e62d26530d20f995cc1	1005
a4_recovery/regen_1570/targeted_1589/correction_1488/reconciliation_1342/out/B/CHECKS.tsv	2e7418d661d98c652b794956f7438fe955d4cd9347411b726ea0d7829b5a4557	965
a4_recovery/regen_1570/targeted_1589/correction_1488/reconciliation_1342/out/B/DEPENDENCIES.tsv	c1d039ce3e0a98c85418e43abda9dd17035d035c2607e5a28bbf913008e50c27	3291
a4_recovery/regen_1570/targeted_1589/correction_1488/reconciliation_1342/out/B/INPUTS.tsv	b288a6d61d33f2ac9bc40142469a2d7df26e2511c858d48625492d688c6a7408	13825
a4_recovery/regen_1570/targeted_1589/correction_1488/reconciliation_1342/out/B/PLACED.tsv	348facce249af837e1a2f0a5bb11c3d23d440dda7c463d49fc6d226b280985db	290
a4_recovery/regen_1570/targeted_1589/correction_1488/reconciliation_1342/out/B/RESULT.txt	f89f915a27de9b42e6d6b002de836ded770cec7fa66d616b9ab5de7f549898ef	1853
a4_recovery/regen_1570/targeted_1589/correction_1488/reconciliation_1342/out/B/control_cov.log	84a02a29add0d2dafdd3ae821c998997005f5e1743a58eec24e1d3bf4e3c0073	12517
a4_recovery/regen_1570/targeted_1589/correction_1488/reconciliation_1342/out/B/control_identity.log	8d45c455e554b5bbdd3e6a097ec5c3753c44bc9b74a78c4e4edd5e892468f684	12626
a4_recovery/regen_1570/targeted_1589/correction_1488/reconciliation_1342/out/B/owner_final.log	55464f8b601e3cb86e1e6fedb8be739b46493aba49d1676fc581404653194ac2	12626
a4_recovery/regen_1570/targeted_1589/correction_1488/reconciliation_1342/out/B/owner_final_again.log	55464f8b601e3cb86e1e6fedb8be739b46493aba49d1676fc581404653194ac2	12626
a4_recovery/regen_1570/targeted_1589/correction_1488/reconciliation_1342/out/B/reconciliation_final.replayed.json	524e78c49f650bdd7cc2277c171f27180e4a011bb6b2830cd96057585f344476	244490
a4_recovery/regen_1570/targeted_1589/correction_1488/reconciliation_1342/out/B/reconciliation_final.replayed.txt	687c49f2805ef40456921a0c4cb93a864f62c90a2092f47ee526bd1a826481e6	12304
a4_recovery/regen_1570/targeted_1589/correction_1488/reconciliation_1342/out/B/red.txt	8e7888d7c669f7a85f27c9ea2aa8d90fbdb0628990bc5cca689375b4891e5ca1	206
a4_recovery/regen_1570/targeted_1589/correction_1488/reconciliation_1342/out/B_adapter.txt	0e03847ba09a3bb94a3941934bafc28854a9a3e870621dc03dd856fb469c9474	2059
a4_recovery/regen_1570/targeted_1589/correction_1488/reconciliation_1342/out/COMPARE.txt	2a837dcc08b277d1208ae95eeeae4a64afe0692d5cd535becdf1dd7f523de97f	10
a4_recovery/regen_1570/targeted_1589/correction_1488/reconciliation_1342/out/world_log.txt	48deda9cf788e2b17bebdb2aca6b2206fea01556f62fc10dce7f4692c380a936	4390
a4_recovery/regen_1570/targeted_1589/correction_1488/reconciliation_1342/owner/build_reconciliation.py	5657911ef858bb9f919aaff46845df68002c2703a69833a65679ab76bdf7280b	38423
a4_recovery/regen_1570/targeted_1589/correction_1488/reconciliation_1342/pins_1596.json	ba853972d283b3bbd9e7460f294f921b1a4e7fda6cae6e2cbcb38220f87bb653	564
a4_recovery/regen_1570/targeted_1589/correction_1488/reconciliation_1342/replay_1342.py	33ddce3b79cf0e881b9851c9f659a278bb45498b0af198ab4abb071e2ddd8ad0	10575
a4_recovery/regen_1570/targeted_1589/correction_1488/reconciliation_1342/run_reconciliation_1342.sh	dbd13dbd70d2996a872c44e111e092def29b000183c9bc556ca33420b56c22a7	2971
a4_recovery/regen_1570/targeted_1589/correction_1488/recovery_1488.py	bb1e8c71f3d29c12ae77aaa3b6a5a1a6c101a27cf9655c169baeee5105941a00	11842
a4_recovery/regen_1570/targeted_1589/correction_1488/run_correction_1488.sh	4a5461f5e0e08630c359946cc8782349f0617eb2541097a0b6d857d59554e0ee	4684
a4_recovery/regen_1570/targeted_1589/correction_1488/test_correction_1488.py	47fca7b7e39e465adac41bae5fbfded739db02ee89141e07bf906dd60a9c3366	6946
a4_recovery/regen_1570/targeted_1589/phase1_targeted_1488/inputs/PROVENANCE.tsv	ca687535012e4bbeb1b6ba3895ad990d4da4e3586a19009a9767ddb155e889b4	35328
a4_recovery/regen_1570/targeted_1589/phase1_targeted_1488/inputs/a1_era/exp5_prompt_contract.manifest.json	b76a9de31fb24cda3736b99ad9919c82fc0cb6d439c0b78bab58974bd5b29625	1568
a4_recovery/regen_1570/targeted_1589/phase1_targeted_1488/inputs/a1_era/exp5_prompt_drafter.md	a13289a8a135fe7f26beaeef1168a219496f197345063c963e677fa7fa452fef	23953
a4_recovery/regen_1570/targeted_1589/phase1_targeted_1488/inputs/a1_era/exp5_rev4_package.md	c5211a1f8e96b053d0c7688b138bea7cb7e502bb4e6ffdc7456bf194a6f94359	97988
a4_recovery/regen_1570/targeted_1589/phase1_targeted_1488/inputs/a1_era/launch_kfields_a1.bundle.json	dc9442f344b59fae521dd6a6f672f7f9d627e143e24920977415ff591c995494	65448
a4_recovery/regen_1570/targeted_1589/phase1_targeted_1488/inputs/a1_era/launch_kfields_drafts.manifest.json	d65e4f877ebebfc22f51fb98c3af28ca24c3320772a73046cad90a8955133f28	1444527
a4_recovery/regen_1570/targeted_1589/phase1_targeted_1488/inputs/a3_reaudit_v2.py	d829a6197c71b6a38fb076b0bc6ceacb6fe9f9dcc8f8e3169e7cd6bb71e55b0e	5315
a4_recovery/regen_1570/targeted_1589/phase1_targeted_1488/inputs/a7_budget_receipt_1488.json	f6904a81569b13eab92f1582d195c90d8ef6005e41ee2b58cbfe05689e7bf506	5553
a4_recovery/regen_1570/targeted_1589/phase1_targeted_1488/inputs/a7_source_locator_audit_1486.json	a867227f1e720b7d63e09ae1bd252d964130761a98d4c7a59338deec95156cb7	135422
a4_recovery/regen_1570/targeted_1589/phase1_targeted_1488/inputs/candidate_v2_1488/adjudication_sidecar.json	041ebf64e2dab6f6af67887d6b70b03262a5e90b82087ae630a403080c343e37	370296
a4_recovery/regen_1570/targeted_1589/phase1_targeted_1488/inputs/candidate_v2_1488/correction_receipt.json	bc5ac688abe66763a5cc99f9fb3a3708ba15b83c9a47fd327ffaac2dcb653eab	57875
a4_recovery/regen_1570/targeted_1589/phase1_targeted_1488/inputs/candidate_v2_1488/final_inventory.json	1440d75131c0c7418a66821778a88d5c1ff8fd9bdf7f4cca4d561b596c1b3066	134064
a4_recovery/regen_1570/targeted_1589/phase1_targeted_1488/inputs/candidate_v2_1488/validator_receipt.json	2e7afac63207d46513659a74f25c5811f04a1af40121ec82534993830e94adbb	606
a4_recovery/regen_1570/targeted_1589/phase1_targeted_1488/inputs/era_1488/audit_worker_access.py	927446a67f804ff828d081debccc8622b17d3a2eb0d170321f71c6a197c87346	70215
a4_recovery/regen_1570/targeted_1589/phase1_targeted_1488/inputs/era_1488/build_launch_manifest.py	e2a7fa9dbe6cd2eac545b22589ddbc52245e6b32fba9542ca4c7c3900378d924	63032
a4_recovery/regen_1570/targeted_1589/phase1_targeted_1488/inputs/harness_g1v3/_exp0_classifications.json	fe8ce71a7bae6996dee822e7a10047b214a22dccbacfad4aff69fb5eeaa9c5e2	5867
a4_recovery/regen_1570/targeted_1589/phase1_targeted_1488/inputs/harness_g1v3/a1_reader.py	98055e556fdb0324c022f8f14db5ec463b4486914df48bda72b6c519e731e649	15417
a4_recovery/regen_1570/targeted_1589/phase1_targeted_1488/inputs/harness_g1v3/a2_runtime_freeze.json	c534022d391e409f48ae65a0ded6bbf7eb428d4a92a00407646cad77f8ef794a	2337
a4_recovery/regen_1570/targeted_1589/phase1_targeted_1488/inputs/harness_g1v3/a6_launch_freeze.py	226e5d71c25307fc4c9b23961a162c6875ea5970f6d37e1460e078af3811e454	27657
a4_recovery/regen_1570/targeted_1589/phase1_targeted_1488/inputs/harness_g1v3/a7_g1_build.py	747d1f9d439d9402cf02c6702b904b0e3cd8daf4ec39df15d90b535725c8e2a7	102870
a4_recovery/regen_1570/targeted_1589/phase1_targeted_1488/inputs/harness_g1v3/audit_worker_access.py	d23ef33d396206569f6044702d23deac6f070b45c96451b70d2f8d2363a7d7a1	70279
a4_recovery/regen_1570/targeted_1589/phase1_targeted_1488/inputs/harness_g1v3/build_a5_exp5_kit.py	89853599d61b2c80e4c1bcbf009695d3d586fe869fbfbf3c7fb4308fc58d9101	31782
a4_recovery/regen_1570/targeted_1589/phase1_targeted_1488/inputs/harness_g1v3/build_exp5_contract.py	ffbcab3d7c7cc4c461d6828608aa59ddcc21d7d4b12b41f9ed6420f27dc5ed2c	28938
a4_recovery/regen_1570/targeted_1589/phase1_targeted_1488/inputs/harness_g1v3/build_inventory_review.py	fcd18139f6c1393c55b81042820c3004ec8eae362fbe4bc7e219639c5754dcf7	87660
a4_recovery/regen_1570/targeted_1589/phase1_targeted_1488/inputs/harness_g1v3/build_kfields_final.py	bad84b2f9fab14443a167660dc631b8d556c143cf09233f54bf1c3b6b2649fee	176668
a4_recovery/regen_1570/targeted_1589/phase1_targeted_1488/inputs/harness_g1v3/build_kfields_hard_review.py	8eb98ec03331a2a605d7ec04570a875004ed989099de4f74c4a22b511ad90986	55577
a4_recovery/regen_1570/targeted_1589/phase1_targeted_1488/inputs/harness_g1v3/build_kfields_hr_correction.py	d4a0323a43ddd8e68487347652986dedf16a9ec2a277ca41d82a55db3d248ed4	33042
a4_recovery/regen_1570/targeted_1589/phase1_targeted_1488/inputs/harness_g1v3/build_kfields_key.py	2d90aed33aab8b99857c43cb12458344fe5cd7c76ed70936cbbcba53e5999bde	82880
a4_recovery/regen_1570/targeted_1589/phase1_targeted_1488/inputs/harness_g1v3/build_kfields_key_targeted.py	5d80c4e0ad3083b80cf77dead88618faa16d10d2b1cb75db0d38ae3292a3c1b7	12782
a4_recovery/regen_1570/targeted_1589/phase1_targeted_1488/inputs/harness_g1v3/build_launch_manifest.py	3f04dae5d7ffa8b661b1c008586598f36f24411196e3317754613b9a554d1e75	64340
a4_recovery/regen_1570/targeted_1589/phase1_targeted_1488/inputs/harness_g1v3/exp5_prompt_contract.manifest.json	1cf043f9d202766399b2b4bde6d23cf3a50faa91e429f156e509d8f025be6264	1382
a4_recovery/regen_1570/targeted_1589/phase1_targeted_1488/inputs/harness_g1v3/exp5_prompt_drafter.md	f4c556960bbb191147b7a7d6d9cffb8dee32dd790f7654ce5c8bfe486275927f	25478
a4_recovery/regen_1570/targeted_1589/phase1_targeted_1488/inputs/harness_g1v3/exp5_rev4_package.md	62a5c49ae71f323eff275e98ca60efaae18ca16ca6c15f447c10c9d5d8976154	98665
a4_recovery/regen_1570/targeted_1589/phase1_targeted_1488/inputs/harness_g1v3/g13_attack_fixtures.json	c99fa5fb020cc487c22e36cee71a63851842e1590432e1b816548288dff27542	4110
a4_recovery/regen_1570/targeted_1589/phase1_targeted_1488/inputs/harness_g1v3/kf_lint.py	920742cf099fc56ed5773aee6d75e7e7ae180de949a96e2af420faa2f6135c2b	14359
a4_recovery/regen_1570/targeted_1589/phase1_targeted_1488/inputs/harness_g1v3/launch_exp5_readers.manifest.json	bf9323bc3bdc75a45a7381ac97cf0d4e1403f8754f5ac419abe1136f589c3070	17994
a4_recovery/regen_1570/targeted_1589/phase1_targeted_1488/inputs/harness_g1v3/launch_kfields_a1.bundle.json	d3f0a549a95354be791c827d36d3141c8c669fe298fa5afcd0b5e80cb0c43c4f	65449
a4_recovery/regen_1570/targeted_1589/phase1_targeted_1488/inputs/harness_g1v3/launch_kfields_drafts.manifest.json	3ec20ae019a19462ee4b3ba46483580d579ed3779cfae13e270c47ff437592e2	1444527
a4_recovery/regen_1570/targeted_1589/phase1_targeted_1488/inputs/harness_g1v3/raw_transport.py	05b02f5bb67944d39fcf726da043f768d5d640bddbe18754ce3c3ef6c4bc10de	86695
a4_recovery/regen_1570/targeted_1589/phase1_targeted_1488/inputs/harness_g1v3/step1_inventory.json	5a66931a3cdf61901d1f49358cbc711b3cfebae0fea2add144a08cd1a77b9425	184642
a4_recovery/regen_1570/targeted_1589/phase1_targeted_1488/inputs/harness_g1v3/validate_benchmark_inventory.py	68ce2c1b487e1e0f16a084562da99675951bc57e31c4657700fa387da2ef4193	9147
a4_recovery/regen_1570/targeted_1589/phase1_targeted_1488/inputs/one_item_benchmark_inventory.v2_1487.json	1440d75131c0c7418a66821778a88d5c1ff8fd9bdf7f4cca4d561b596c1b3066	134064
a4_recovery/regen_1570/targeted_1589/phase1_targeted_1488/out/attempt5/A.sha	9397495d731304a3e6d4a71bd451d2224a67311ca14123793f0eb78bac589c7e	1186
a4_recovery/regen_1570/targeted_1589/phase1_targeted_1488/out/attempt5/A/CHECKS.tsv	fb7b447bf5b9649da9e39a4501f1c5043c3ae495ec0ac0c000fa3c5d29f39b10	4484
a4_recovery/regen_1570/targeted_1589/phase1_targeted_1488/out/attempt5/A/DEPENDENCIES.tsv	331df7a98f35be79b266fda812d6e5509a511fbfb785075170d6d4ec98cb7f65	5301
a4_recovery/regen_1570/targeted_1589/phase1_targeted_1488/out/attempt5/A/DOOR.json	a42ee4b79483dc90ad3f89697abede80b347c98691c25728c8fd350ff2d374c0	2073
a4_recovery/regen_1570/targeted_1589/phase1_targeted_1488/out/attempt5/A/DOOR.tsv	0aea8615356e95564297d3bb012c724f0be30ec6a3070ea0da75350e760743b4	1128
a4_recovery/regen_1570/targeted_1589/phase1_targeted_1488/out/attempt5/A/OPENED.tsv	283d36e6938d277357cfb6fbfcedd9e75619de511475d4018a4e5d19fe963f64	380540
a4_recovery/regen_1570/targeted_1589/phase1_targeted_1488/out/attempt5/A/PLACED.tsv	a478809bc27770759b7dc00f60933bc560ce4fbe2bbecbed956b1c7b9ba0965e	2749
a4_recovery/regen_1570/targeted_1589/phase1_targeted_1488/out/attempt5/A/RESULT.txt	c6400dc194cc7f78acb5b8424318827624a74d8a229d7c824313b00fb2b6c358	5044
a4_recovery/regen_1570/targeted_1589/phase1_targeted_1488/out/attempt5/A/a3_baseline.v2_1488.json	35f7602baf06d1b6d5a04dab96d76ba92c24395e12e204e77e62ae698b31e328	9564
a4_recovery/regen_1570/targeted_1589/phase1_targeted_1488/out/attempt5/A/a3_reaudit_measure.json	269f114c95b6af7f728a883cca7aea278f2b232c7e3df2f98aae9584a6bcca8d	9564
a4_recovery/regen_1570/targeted_1589/phase1_targeted_1488/out/attempt5/A/door_green_1.receipt.json	caf819e2963c7265b36a9ccecadac6e2b9e1d9f38a4614266052b0e923b2d235	2546
a4_recovery/regen_1570/targeted_1589/phase1_targeted_1488/out/attempt5/A/door_green_2.receipt.json	d0b735b7bdd82a80c07d3c0e3187985bf9d63a9657663d33c363664f7eb6dc79	2546
a4_recovery/regen_1570/targeted_1589/phase1_targeted_1488/out/attempt5/A/phase1_targeted_1488/phase1.manifest.json	ec065a3ae5b557693b4d390324ffd9dc687a3d0eac13a94aa5eec4f6cce49b1e	12440
a4_recovery/regen_1570/targeted_1589/phase1_targeted_1488/out/attempt5/A/phase1_targeted_1488/rules.txt	dae73ae098abeb7de4e2844a19398898714d0d1a89166d798486aa170c3a8b9a	25973
a4_recovery/regen_1570/targeted_1589/phase1_targeted_1488/out/attempt5/A/red.txt	804073a8d6cfdc195257bdc93c0460ff91e63624e5663379b32ef33cc1323562	237
a4_recovery/regen_1570/targeted_1589/phase1_targeted_1488/out/attempt5/A_adapter.txt	2296acbea56982f444dc2077fd38dc23567ca202cd469d98892c7e9ba3c40d59	5315
a4_recovery/regen_1570/targeted_1589/phase1_targeted_1488/out/attempt5/A_tests.txt	2b3ff5908c7d578ea31745a7ba2962c3c18918b39d8a44799731af3fb34a9bc1	582
a4_recovery/regen_1570/targeted_1589/phase1_targeted_1488/out/attempt5/B.sha	9397495d731304a3e6d4a71bd451d2224a67311ca14123793f0eb78bac589c7e	1186
a4_recovery/regen_1570/targeted_1589/phase1_targeted_1488/out/attempt5/B/CHECKS.tsv	fb7b447bf5b9649da9e39a4501f1c5043c3ae495ec0ac0c000fa3c5d29f39b10	4484
a4_recovery/regen_1570/targeted_1589/phase1_targeted_1488/out/attempt5/B/DEPENDENCIES.tsv	331df7a98f35be79b266fda812d6e5509a511fbfb785075170d6d4ec98cb7f65	5301
a4_recovery/regen_1570/targeted_1589/phase1_targeted_1488/out/attempt5/B/DOOR.json	a42ee4b79483dc90ad3f89697abede80b347c98691c25728c8fd350ff2d374c0	2073
a4_recovery/regen_1570/targeted_1589/phase1_targeted_1488/out/attempt5/B/DOOR.tsv	0aea8615356e95564297d3bb012c724f0be30ec6a3070ea0da75350e760743b4	1128
a4_recovery/regen_1570/targeted_1589/phase1_targeted_1488/out/attempt5/B/OPENED.tsv	283d36e6938d277357cfb6fbfcedd9e75619de511475d4018a4e5d19fe963f64	380540
a4_recovery/regen_1570/targeted_1589/phase1_targeted_1488/out/attempt5/B/PLACED.tsv	a478809bc27770759b7dc00f60933bc560ce4fbe2bbecbed956b1c7b9ba0965e	2749
a4_recovery/regen_1570/targeted_1589/phase1_targeted_1488/out/attempt5/B/RESULT.txt	c6400dc194cc7f78acb5b8424318827624a74d8a229d7c824313b00fb2b6c358	5044
a4_recovery/regen_1570/targeted_1589/phase1_targeted_1488/out/attempt5/B/a3_baseline.v2_1488.json	35f7602baf06d1b6d5a04dab96d76ba92c24395e12e204e77e62ae698b31e328	9564
a4_recovery/regen_1570/targeted_1589/phase1_targeted_1488/out/attempt5/B/a3_reaudit_measure.json	269f114c95b6af7f728a883cca7aea278f2b232c7e3df2f98aae9584a6bcca8d	9564
a4_recovery/regen_1570/targeted_1589/phase1_targeted_1488/out/attempt5/B/door_green_1.receipt.json	caf819e2963c7265b36a9ccecadac6e2b9e1d9f38a4614266052b0e923b2d235	2546
a4_recovery/regen_1570/targeted_1589/phase1_targeted_1488/out/attempt5/B/door_green_2.receipt.json	d0b735b7bdd82a80c07d3c0e3187985bf9d63a9657663d33c363664f7eb6dc79	2546
a4_recovery/regen_1570/targeted_1589/phase1_targeted_1488/out/attempt5/B/phase1_targeted_1488/phase1.manifest.json	ec065a3ae5b557693b4d390324ffd9dc687a3d0eac13a94aa5eec4f6cce49b1e	12440
a4_recovery/regen_1570/targeted_1589/phase1_targeted_1488/out/attempt5/B/phase1_targeted_1488/rules.txt	dae73ae098abeb7de4e2844a19398898714d0d1a89166d798486aa170c3a8b9a	25973
a4_recovery/regen_1570/targeted_1589/phase1_targeted_1488/out/attempt5/B/red.txt	804073a8d6cfdc195257bdc93c0460ff91e63624e5663379b32ef33cc1323562	237
a4_recovery/regen_1570/targeted_1589/phase1_targeted_1488/out/attempt5/B_adapter.txt	2296acbea56982f444dc2077fd38dc23567ca202cd469d98892c7e9ba3c40d59	5315
a4_recovery/regen_1570/targeted_1589/phase1_targeted_1488/out/attempt5/COMPARE.txt	2a837dcc08b277d1208ae95eeeae4a64afe0692d5cd535becdf1dd7f523de97f	10
a4_recovery/regen_1570/targeted_1589/phase1_targeted_1488/out/attempt5/HARNESS_SUBSET.txt	8f0c5ec9a72111c1d01d49277bc8932784715949d8f5756d6d6d37d76daeee8b	635
a4_recovery/regen_1570/targeted_1589/phase1_targeted_1488/out/attempt5/reaudit.strace	2b922ab8dc2b5bf8409deec9e4fe7807742793d54e4d8426ff178c8c383dd790	40837
a4_recovery/regen_1570/targeted_1589/phase1_targeted_1488/out/attempt5_world_log.txt	8fbd662f9ea33d94d52bb03ede32bbf3f92aaef752185ad87d289dff4857ffab	11108
a4_recovery/regen_1570/targeted_1589/phase1_targeted_1488/pins_1598.json	3c96cd721d1b4afe053e1130238f723ec850989714c885cb0648fb506e930537	1260
a4_recovery/regen_1570/targeted_1589/phase1_targeted_1488/pins_1599.json	f2d6b9dc60290bbc7a1e06619cbe8c9e02c07d1068d1f97201472a7b55df2d11	602
a4_recovery/regen_1570/targeted_1589/phase1_targeted_1488/recover_phase1_1488.py	40e680f0f4f25f4acfdc96cd33fffe466683d414472d574d524d67a6dd918a51	16892
a4_recovery/regen_1570/targeted_1589/phase1_targeted_1488/run_phase1_1488.sh	5c13f8f42bcda9712aacda9f75774b31c6125138f400e48b97d55eba4d3426f1	4082
a4_recovery/regen_1570/targeted_1589/phase1_targeted_1488/test_phase1_1488.py	856a5e1c068828774207612a86ca13888f5aab47fea5e74febf52c880d63584a	5205
a4_recovery/regen_1570/targeted_1589/CHECKPOINT_1600.tsv	(self)	-
