file	step	transcript_line	timestamp	jsonl_line_sha256	count	result_sha256	result_bytes
a6_launch_freeze.py	base	-	-	-	-	-	0
a6_launch_freeze.py	cat	55324	2026-08-23T22:08:14.905Z	d319fc117738ef63d3cb9b0be11aff831f91247c5d784e17fa86362276a34d10	1	942faadc6e791bcbdcf0a0490f1dab7f31cbd324efa379ed910999192f7f6bb7	2837
a6_launch_freeze.py	append	55327	2026-08-23T22:08:44.781Z	b15e935a19ad90f220d19f7094311bd8e4e95fb7ec7d0ba8c27b7729215b9752	1	72eaf5b93e1c16ef36aa8b527fd9a7a9dd79941725c29257b6aada8c5822d072	8452
a6_launch_freeze.py	append	55336	2026-08-23T22:09:13.484Z	92638d91f1a8361c47f6ceb102884cb493746bde02fb85802eaafce320a4f171	1	82359575792bcf8082c0281c0abcced8a6aae2bf4c539ae7f0d65896065dfdda	12879
a6_launch_freeze.py	append	55339	2026-08-23T22:09:37.844Z	51fcabe776a6cd64dc311acebba52a4f97997802010c6adf7466987ed90cc4d7	1	8744074c694c35b83fc7c29d8faaeceb6aa9382de130fbcad8d58fa4f7588d74	15774
a6_launch_freeze.py	block	55345	2026-08-23T22:10:00.619Z	368af7e0c4997cbcaedd04cd1e3ef30393e212ee51581e2d5f9fd2b1aa0b2133	12	bf82339907b97bb781d1f5bd47c95d42468527fb96ee56d320c1c70f36843848	15877
a6_launch_freeze.py	block	72690	2026-08-25T20:59:26.227Z	1d3db7d71b53db2fa2606f6053484f64db9d75366c2178d965b83d94359847e2	6	ac79b87d079ba544986c0486837806b49aa78f56c79fbc63702cc465b5d3a2c7	16050
a6_launch_freeze.py	block	73797	2026-08-26T00:31:56.469Z	cf4ff07bd25a89d4b129ab0e346117366a791acbd6c4b69897f20295ef285892	9	aafd8748723d14287825315a035b76c9b711dcee396321af52409bb72ce22c3f	17858
a6_launch_freeze.py	block	74049	2026-08-26T01:42:17.173Z	9e345c9db15b149edc34a73133359fce22e701a8143a1acef07ace354f73c9c9	6	e152844cf49a1116103bc96b85ec9e61c9764d68f48aa8ef7ddc01a4b4541eca	18538
a6_launch_freeze.py	block	74070	2026-08-26T01:43:08.838Z	09602ecf4c4b43f16969c31a6d78105534ca700884e81d42fac1fd2f55c8009f	6	9b2914cf9b0a4499f953fb9abadcddc1311e8e4dba1cbb985b9bc5f4e8c8b463	18617
a6_launch_freeze.py	block	74370	2026-08-26T03:00:51.273Z	3af41e1201842700eb45616f203d05635cdaac666c30848a017ba13818c211a6	7	7cf14c01af0ee70701db61640f54f979c4b11e806acdf47586ba33e509a51fcf	20953
a6_launch_freeze.py	block	74380	2026-08-26T03:01:29.723Z	03ee677562b1a92f387b8161bdcda5fc6949e79256c8703837f90faeb95c18ce	7	0da1c9588eb1df2b3013336133f950d1b47e65c7b915cafbe6bdf73476e5cc10	20876
a6_launch_freeze.py	block	74645	2026-08-26T07:10:42.938Z	3a37caf606a4f059ae7a33622307320e9ecad9964f7226d8d7a69db3bca005f6	9	18c61cd67089fc172a6298f64685a99afa9ffac8a58c79ad05a5ac89300de27d	21579
a6_launch_freeze.py	block	74848	2026-08-26T09:58:33.374Z	f02755f0122b0671aa76935c935fdcf7d2379483f7022c52e5e7f342151c2f7c	9	5f1bf8bf0a6b0d7c88a99a78e67dc27a2ce3366ae434639b773832d396e2f7c5	21145
a6_launch_freeze.py	block	74873	2026-08-26T09:59:47.325Z	7db0ba3e898080dad85136a275e1d5cea4787dbd59b2c4a4ad56cf148a4b1350	6	a47b24f920d30ad638fb468023f386a599d6c28144ab4191f75bc97bd0a1748e	21492
a6_launch_freeze.py	block	74935	2026-08-26T10:05:55.387Z	6c679bffd5ad2215b3ea76f4e0f4da973ad7b0995cbfd8309f2548ebf237551c	9	1862c9662e163c982e4c686d6d5fd95c6ebc95bc7ee29915fe7fa52723df3359	21546
a6_launch_freeze.py	block	74940	2026-08-26T10:06:18.773Z	0bdbbbbaa27ddb07eaa1a8ca26d73e5959304cde9d3d3bf7e5c6e78848b47179	6	30f2e2a2b9e756d5b76361a1317bf027d397245ce53a96c07bb47564e581f547	21886
a6_launch_freeze.py	block	75104	2026-08-26T10:36:23.955Z	02b1bb4496e3600015e57e0ac2647889f278c39e3fa5f46eed434c71338a612d	6	eb74689687c5835786084791211139cf80ffe959f82a001957af439c7c531aca	26711
a6_launch_freeze.py	block	75112	2026-08-26T10:36:52.241Z	7bb160e4f290a39183af0eae5d4402784bb95fca6a3fe672eb4169206c025c7c	6	6258e82a52e5651bf592fa0c1d32901826edf5507b70f0f43ce3e8197c1c3858	26552
a6_launch_freeze.py	block	75130	2026-08-26T10:38:06.199Z	6b668fd2dc9e7efbb7ff2abdf57c0aeaeb8694dcb92de84ab522e6a595638c52	6	1250c47f29ee9725e7313d95d8e0ad19666bc8ba98767cacec5311f46b5202f5	26988
raw_transport.py	base	-	-	-	-	64429e5fb59d19b63bbabe4af8809177755c3822a400e976532c579e15d77df5	79748
raw_transport.py	block	72839	2026-08-25T21:06:36.911Z	b95aa733169bef1872782fc1ab6d6ed58b064a9207deccdbc6a62599110b173d	6	45a52702f3e80169ba7913f3b09008e306d005a4a3e85981cf020bd7f50bb77d	80225
raw_transport.py	block	73303	2026-08-25T22:33:58.903Z	53fbc118e605c5b9f0e01a12a1add67fb0f3aa3837efde0e4a9c4197a50ca7b3	6	d8e11a82ddfb667d2e3cd7940041036b64e2c6183ce585c64268c4716b86aed1	81541
raw_transport.py	block	73534	2026-08-25T23:14:22.072Z	c7c03ad34c1a2abe1ffe16d2786189ae2e13b919ca520c814977bfa01e378cca	7	57635a04a1bc4a9caf3d3750eacecb0c3d932dc8757ea99126b8f13ba78a8b27	82715
raw_transport.py	block	73562	2026-08-25T23:15:55.171Z	ae0536d401822e8b1fb55eedec4bdae9ed326f01929d70b2fb84cf3d1293a79b	11	b3ea04bfe7cd7562bf746d59d904f40330ecbfb302e9f51be92348679c35d795	83898
