order	attempt	packet_id	wf	scriptPath	sha256	bytes
01	1	0000006201-26-000031#001	wf_1b219d0e-f6f	/tmp/a4_targeted_run_1491_launch/01_0000006201-26-000031_001.attempt1.js	4c83f7d201862357cd88d403273558a04c8f1e0755705e6c1db71090f406b554	75002
02	1	0000006201-26-000031#006	wf_4d457126-2c2	/tmp/a4_targeted_run_1491_launch/02_0000006201-26-000031_006.attempt1.js	888ae18756299ec3520e72233f062eff799bfa5a4dd1f8d72a124c75ac00bb81	75538
03	1	0000006201-26-000031#008	wf_18711197-8f3	/tmp/a4_targeted_run_1491_launch/03_0000006201-26-000031_008.attempt1.js	1c1773f0c8c174433a43d98879a324f9ad1e2179f4f92a68fa9b2b14d274eae9	76086
04	1	0000027904-26-000022#029	wf_6190a18b-6dc	/tmp/a4_targeted_run_1491_launch/04_0000027904-26-000022_029.attempt1.js	01c49e8790cd82b89f4ed2e70d5b9b37e9f6031ed30bd14e7a729394b32d5231	72990
05	1	0000092380-26-000044#042	wf_151dc0d0-21b	/tmp/a4_targeted_run_1491_launch/05_0000092380-26-000044_042.attempt1.js	89c5fdb2d561fe1c93f9cd91841f18da99eec1598bea4241afdfcadd919f6b39	77390
06	1	0000940944-26-000005#065	wf_b2e9766c-4b3	/tmp/a4_targeted_run_1491_launch/06_0000940944-26-000005_065.attempt1.js	d9c1ac8ece540ac1332a97f8dc1609b807d2679f06c9ff0702ae892278378f0b	58357
07	1	0000940944-26-000009#068	wf_816056b1-7d0	/tmp/a4_targeted_run_1491_launch/07_0000940944-26-000009_068.attempt1.js	3871a1430a9ed429902c43b5ab01a6d542934ee65e49ba4145531c3217f666fb	81747
08	1	0000940944-26-000009#072	wf_9b565634-84f	/tmp/a4_targeted_run_1491_launch/08_0000940944-26-000009_072.attempt1.js	23361c67480c3da4e0785941ef97bc62793d3b7eabe72267099482a821a72366	81712
09	1	0001041061-25-000109#075	wf_d5a9c34a-271	/tmp/a4_targeted_run_1491_launch/09_0001041061-25-000109_075.attempt1.js	c51311703ae07cb71a8be3a6763c8354cb63b2d5c1acab75601b32c8efc3a1da	136264
10	1	0001104659-26-027061#115	wf_f9443ff9-759	/tmp/a4_targeted_run_1491_launch/10_0001104659-26-027061_115.attempt1.js	5deb70be9f62e8fb15603baf6ed6e0339f3f77dd679df8f98b3015298186a3ef	63107
11	1	0001171843-26-001288#133	wf_ff9f0be4-1c4	/tmp/a4_targeted_run_1491_launch/11_0001171843-26-001288_133.attempt1.js	ff34ff7cd672933136bbe5d24c8260fc64a5496b2e6d3cfad95d280487359f52	53767
12	2	0000940944-26-000009#072	wf_cbc7405a-c2d	/tmp/a4_targeted_run_1491_launch/child_0000940944-26-000009_072.attempt2.js	dc308ebabf13a97f6e68bdab5ca9014e28542c303bc6bb32ca32a384160e6b82	81712
