path	sha256
lock/build_final_lock.py	b78a733cac842ca68125904dd7d52b66580ff5b30740d2664dbf5810511bdf42
lock/build_final_lock_v2.py	9d3644e0f1b316865188dfa21fd8d1650c73a8a426aa9137399139f209f26075
/tmp/a7_source_locator_audit_1486.json	a867227f1e720b7d63e09ae1bd252d964130761a98d4c7a59338deec95156cb7
invrev_run4/reconciliation_final.json (projected, set aside)	f104e6505c5f8801eb4f1430d3b4daf4b6fb001aa4029b049d5d9f01447ddc1c
invrev_run4/reconciliation_final.json (verified 1342 replay)	524e78c49f650bdd7cc2277c171f27180e4a011bb6b2830cd96057585f344476
harness/raw_transport.py	12d4aca9a7bfd9a51303271b54433ad55058dad268e771cff757a3ea0b68a14a
harness_g1v3/raw_transport.py	05b02f5bb67944d39fcf726da043f768d5d640bddbe18754ce3c3ef6c4bc10de
harness_g1v3/validate_benchmark_inventory.py	68ce2c1b487e1e0f16a084562da99675951bc57e31c4657700fa387da2ef4193
harness_g1v3/build_kfields_key.py	2d90aed33aab8b99857c43cb12458344fe5cd7c76ed70936cbbcba53e5999bde
one_item_benchmark_inventory.json	57a1cdd01125bc1953a4e31c3f534760c2c15eaea4bf2d10c5c451a5e36d03ff
