order	label	wf	agent_id	state_sha256	transcript_files	transcript_dir_sha256
1	hrt-000/b1	wf_5d8a2d2c-cb0	a605a9fde983fb134	7471373f97bc97b3e8dc38f91a216491353ebfe169fd2dab287bdb6df5c36c36	3	6504394bb8915bcffd790bbf0597126f61ac987dbdfc4d14e77cd09982230350
2	hrt-000/b2	wf_340dd5d1-db6	af5ccd24b93742069	942f52db64ea5e259a81bfcdf20fc288c128996f9836ab496a0af26ab7037451	3	f5f5e72b3c3463685ee0406d13adb629b455cc891235a00bc8488a9ba2e5cb94
3	hrt-001/b1	wf_42dd6ad9-13a	a0679e5cbd7496156	a1c7887aaa9fa8b23726af217f563bc8c1b0d3be5e1fea41aadbe139e14a3198	3	4d841f3dde0c762dd14c865f854f54182badee738e5e4cf434c0a714e376d985
4	hrt-001/b2	wf_dd814327-41a	a94ef2fdb888ceff1	4582b32d441fa64d21b2d61f8dc2580cebc698819a7f9101307bc587c45ffa7d	3	bd38e5729447eaa30daf07aaecb5c1e439f7144db448e16391d829fafe49e04b
5	hrt-002/b1	wf_d2cb53c6-57b	acdb72d3a17b3a9a8	7d8077f0dff23383c2ce26081da7f3b43e4ea50aaaae9cf6bf7d5267026d8dfb	3	8f4c60cbeacdc7406fb1b636439a375547d934e602055c4e8a2a9105ca4911b5
6	hrt-002/b2	wf_b21bad09-ed5	a7cc80c48d1cab0cb	e19e66278fbd0126134b708ff6f13048297ca7ca76825a0e63cface1667b82d9	3	bc2460c68c3ef7653cf5dbef76538d899b9133bd33e88cda9577d69b1d94c789
7	hrt-003/b1	wf_72ffcf73-2a0	a957f96ecddff6a28	a35de85d9acdb0b6697566802cca8d474c08ddd5fb20dbb18db668d4aa05f22e	3	ac54256260e193c12da30bddd28c4edc41d5539a5482c4faf3e1aea7941a2216
8	hrt-003/b2	wf_b72a5d6e-a75	a0895489d6cc6fe40	2ad0490b0d0847ac0a4969309a1c5f15e720e323e96c98eec8e833398f0685fb	3	e55b0fbfa5b07a9ed3880b66ea46d89bd8a6ff795bf63de0e9e90e09ae65e93d
9	hrt-004/b1	wf_fc2b648d-3dc	aa3d73cc9ed2f322e	332d04fd3f18323ca113e08dbc6d416960aa1d53cc921d32e726cec21c0d8f8a	3	8052b198b32d7a71302539e174ccae14efb1feb8354eaccf0bcd44aabbef5d08
10	hrt-004/b2	wf_7dddfbae-895	a5516340e309b63f9	a0e03c016c59611de807ea3f5158ffd1006cfc9d9763474bb1b6f0d01f969604	3	1ef66cb0834a67c605f389d2d2afe705fcb582e017c217b66a09ec97055f6283
11	hrt-005/b1	wf_a06ce974-67b	ab97fe143f1e9c97c	f4750dd48472bc7bcb38262910758d8274504446898cf71f406f92cf832fe468	3	99d7a2ce84cdb561503adfc4061b1db5aa61f7850d378f197d4285c92462d532
12	hrt-005/b2	wf_be408d2c-6cc	aa70d21f6f4ce435f	89c5b9c9f76222d06bd87b70af3792f74da1471488167aada803dfc47be4c926	3	3d99c7a9c9af42e19b40245d61629290363133522dda864fc79910e845fe5949
13	hrt-006/b1	wf_91cb0595-0fe	acf8eb0026cabc8a0	53573660ee15b04374502cd677efd08d0cf372ecb384780c5e81db6f2807a374	3	5b012bcf7451204585c876eb6642376b3e8316acee5c21bbc902acc39f47657c
14	hrt-006/b2	wf_3356d35e-12b	a440745975b44f822	55c7a72a9dc6e4181264aea48a7040869312b8ffbf672cb77d11af2dae669096	3	fb8ad5a4610c0635781fb3361676f9e2caa20ffc502a097e5d0f14c68a547075
15	hrt-007/b1	wf_233429a1-1e1	a7a6e69ca9e06b528	e2cfc37f2b8e1082b73e627d1ce6f06a46a1945efbf945ddd30e42efe12a388b	3	fe4a486d99f87b5475eedee47792ee0ce788a5efbcacec810d1a2e3ffdc62c88
16	hrt-007/b2	wf_ba54bf3a-dd7	a709688fa13d87041	6440c84c608e8072bcc3e391c415aeaa8ace70fb9652a8f46b547e3851404868	3	32dec8cda4ea9a1250a95b474ba7deac6b12c537995b9a9d581732c3ad7c6eaa
17	hrt-008/b1	wf_d31f0037-971	abe256afd3014d7e1	815a8640209860f47c8bd2493f6ca2e166481e41533b612b3669732d5d5d946b	3	889c2f6585a356f5a9f00b7c1c700de6721ee131e9311d7251154ccaf3fc0a8f
18	hrt-008/b2	wf_4a7b93c1-da5	a0c9fd3bc33bc4820	55e3db216aace1d0b96c7714c6858757c47c69888b57448259a1a4a5db5006f4	3	ff4f5ec2c000c680b93182e104581c7b668b4e05203d7cf81432f71b9ab1d372
19	hrt-009/b1	wf_ebe77c5d-1fa	afffcc33463141bf3	77a0d941607f6d60af72190e9ce737317cb5e0023e62e761e3a091a3fdc64446	3	133440e838482334d6c1f5daa320316b7657225f00bfbc25df9bba8d6a16201b
20	hrt-009/b2	wf_41d3923f-464	a39312c2cc8741f4a	672df84b36a7d2c02886870a4dec4088eb870838a526c0f6668ac42ceacec52e	3	ce1ddf6b2628eee35c28e8356446012f31340de7d6a50559bd7d36af22cddd63
21	hrt-010/b1	wf_545cfd27-62d	ae829d9d8948d1e8b	a27880323cdf3161dbafac7f7752cdf74e187034c789c0838beebec94acc31aa	3	6475a44b2dadaa9636981785ab0444baa08e0245cb4543f5e5daf7851d6147cf
22	hrt-010/b2	wf_f27057f3-c11	a673463ce7238a0ef	38e9357d813c04f7083ba8637780815a711491e62e534c9d738b4ed371d85472	3	17d292418e13a589a6723655001fa21c8689f6fc0ba504f77ca68273a4e7931c
