dest_rel	sha256	source
runs/a4_final_targeted_run_1500/scripts/0000006201-26-000031.attempt1.js	118119efca1db761db9c99829b4872b8658014826257dd0b8a01c2930f22d2fe	official state script (four-way join)
runs/a4_final_targeted_run_1500/scripts/0000027904-26-000022.attempt1.js	ad706e865650e8a41b0ecd7e31cea0b8c624074fd8c0df2751bd498b596ad895	official state script (four-way join)
runs/a4_final_targeted_run_1500/scripts/0000092380-26-000044.attempt1.js	5ce44ff83cc53e8f628c2a514bf32af046187b6a7ffeea47ee9e196646a16179	official state script (four-way join)
runs/a4_final_targeted_run_1500/scripts/0000940944-26-000005.attempt1.js	ccbe0d8cac6ebfd8aa3412b1da08fb3548949e1bb3e79cbb13d1a1a04459772e	official state script (four-way join)
runs/a4_final_targeted_run_1500/scripts/0000940944-26-000009.attempt1.js	e40547e6d6eb6dfc1413f37e876c0026a5caec82fffeba9631018575afccd3bf	official state script (four-way join)
runs/a4_final_targeted_run_1500/scripts/0001041061-25-000109.attempt1.js	4da4752b71e206a7010f72499baf4a33770f6524bc050b1949c4b1d7253895cb	official state script (four-way join)
runs/a4_final_targeted_run_1500/scripts/0001104659-26-027061.attempt1.js	b4bdbb270107447d868b31ff650d992e726b47211a85705707c0e0dba022d28d	official state script (four-way join)
runs/a4_final_targeted_run_1500/scripts/0001171843-26-001288.attempt1.js	ccfca6de82c252084e0091cb22bc127e63636d3ae65068d27273c06ce72a1039	official state script (four-way join)
runs/a4_hard_review_run_1495/scripts/hrt-000_b1.attempt1.js	7fb7499cb696d9a5a1b791ffd92383d44225c7f2c80d4a3298a8a77c492d1e4a	official state script (four-way join)
runs/a4_hard_review_run_1495/scripts/hrt-000_b2.attempt1.js	bdca68a218dab6eee6f2c8c7e3db2b9b7a7f1eb9ccec29d77698561f99650bfd	official state script (four-way join)
runs/a4_hard_review_run_1495/scripts/hrt-001_b1.attempt1.js	92df556d081415c7ac4c189da62f17a49e6b2c5ed7099a27c4c0aa64483c48c8	official state script (four-way join)
runs/a4_hard_review_run_1495/scripts/hrt-001_b2.attempt1.js	e439c8be5b236f54e8a7fb65eb83b2cac2d2b39d13930900ff6a79e91f209d9c	official state script (four-way join)
runs/a4_hard_review_run_1495/scripts/hrt-002_b1.attempt1.js	5ed35358820d70ae80daa8da86e3cf49904da9247012f78e17acc1e2d52deb5e	official state script (four-way join)
runs/a4_hard_review_run_1495/scripts/hrt-002_b2.attempt1.js	07aea6f732bcfc23a622a8637994ee486eac8e006b7eded09a56f63c3f62ee1d	official state script (four-way join)
runs/a4_hard_review_run_1495/scripts/hrt-003_b1.attempt1.js	600ee3f3a652e514c735e52674dd13cd6b6e48d3488ab48085cf9181dec3ca13	official state script (four-way join)
runs/a4_hard_review_run_1495/scripts/hrt-003_b2.attempt1.js	e27d73aa52fbe8cd8e4aacb68ab6934bd13964e8b7d2bce445e686790358b602	official state script (four-way join)
runs/a4_hard_review_run_1495/scripts/hrt-004_b1.attempt1.js	17280397e30e9f19b6dc31dea2120d306c8173781513ad7cef4f7f353f0bbc0f	official state script (four-way join)
runs/a4_hard_review_run_1495/scripts/hrt-004_b2.attempt1.js	2901659951c0206f920f40612e4b5d7a4324c585620430f9427d35b5d462968a	official state script (four-way join)
runs/a4_hard_review_run_1495/scripts/hrt-005_b1.attempt1.js	7fad81af56f936d090480bd33d1a5217db80842feb95ec74350abe57d348a441	official state script (four-way join)
runs/a4_hard_review_run_1495/scripts/hrt-005_b2.attempt1.js	8168cb331629f8a598ac9bde5f04eadca2a1408a6688ead677b1e18c61f859ef	official state script (four-way join)
runs/a4_hard_review_run_1495/scripts/hrt-006_b1.attempt1.js	28c2aa579bbf3d5b0e8fe7150003f9a35a52dece9c6c17c647859854aa3ba015	official state script (four-way join)
runs/a4_hard_review_run_1495/scripts/hrt-006_b2.attempt1.js	5a87a475cc73bf1e53b7a396709bd5d31549af6cc384f2ae41bc97a80c0919e8	official state script (four-way join)
runs/a4_hard_review_run_1495/scripts/hrt-007_b1.attempt1.js	0ed3a315b74de40181d5468350ecaa6da0092fc2746ffe773a00391598d289ae	official state script (four-way join)
runs/a4_hard_review_run_1495/scripts/hrt-007_b2.attempt1.js	b9c54a829b6eac9689d836060d3c0230e4167b78b9c1f47dc6b6600d51fb1c5f	official state script (four-way join)
runs/a4_hard_review_run_1495/scripts/hrt-008_b1.attempt1.js	6a5f13cbf470ec36580af6e6322d7ed033bbde8e699def435c6e2d2561f51b33	official state script (four-way join)
runs/a4_hard_review_run_1495/scripts/hrt-008_b2.attempt1.js	d84db050422b2e2a4cdfa68d8fef1528c14db96defac1f32b832f397551a8151	official state script (four-way join)
runs/a4_hard_review_run_1495/scripts/hrt-009_b1.attempt1.js	603e85b434e9c62ad380d2fcd538dfff1eafe294cad25bfc8d9f0a2328fced29	official state script (four-way join)
runs/a4_hard_review_run_1495/scripts/hrt-009_b2.attempt1.js	2657f3656a7123ed3867c4f9737638582ffc76f432b5f0c1a5ef7b3f0ea92f21	official state script (four-way join)
runs/a4_hard_review_run_1495/scripts/hrt-010_b1.attempt1.js	2907433ec23c8557e4cc290b1cd7197cf82638f6c43f122f9c14e31caad5f4cd	official state script (four-way join)
runs/a4_hard_review_run_1495/scripts/hrt-010_b2.attempt1.js	c9a7ee253fb8d5a18ada4c6a3bd4fbaddae0a283ac42d263d86373e7355d66ac	official state script (four-way join)
