rel	sha256
subagents/workflows/wf_278b18c7-f5e/agent-aeca31e22ea82c087.jsonl	b632eb6dda169a496086a848ef0429fc32bd9f5bc5ecbbde3c856f75bf152bce
subagents/workflows/wf_278b18c7-f5e/agent-aeca31e22ea82c087.meta.json	253ee425d7c8c9c669a71091847d268025052341a73951905e204d1870b8bc11
subagents/workflows/wf_278b18c7-f5e/journal.jsonl	aae14bb76125d89955ff381ae66691aff0571db95a76816b660aa94d4ae19530
subagents/workflows/wf_353e5904-0ad/agent-ae02f4b96065cba2f.jsonl	e24da1b3957ce993496b7b4aaafac14abc8746c564cd085d53a1e2eb78d0ff2e
subagents/workflows/wf_353e5904-0ad/agent-ae02f4b96065cba2f.meta.json	253ee425d7c8c9c669a71091847d268025052341a73951905e204d1870b8bc11
subagents/workflows/wf_353e5904-0ad/journal.jsonl	1dd12cc0c23dd782df488e55896f780fe374640f4acba4955c9670117c54d2b4
subagents/workflows/wf_4cc5df7d-359/agent-a5d947485357a93ff.jsonl	635a4d5e0cc3bc21539e34e00d505de5afd9340000947459d936d4618587c6ae
subagents/workflows/wf_4cc5df7d-359/agent-a5d947485357a93ff.meta.json	253ee425d7c8c9c669a71091847d268025052341a73951905e204d1870b8bc11
subagents/workflows/wf_4cc5df7d-359/journal.jsonl	c94cac3887afe47874fcd9e0c87dfc75b4d416eb41dddac60f4b394e3f0aa1a8
subagents/workflows/wf_5430b5a9-717/agent-a7a86759270997188.jsonl	231ae97541dffcfd3ec4f2ec08a9d95ec2fd47fefa0cf4e41e1d9d5e7769d8bb
subagents/workflows/wf_5430b5a9-717/agent-a7a86759270997188.meta.json	253ee425d7c8c9c669a71091847d268025052341a73951905e204d1870b8bc11
subagents/workflows/wf_5430b5a9-717/journal.jsonl	7f9c4e309acae0a5731db0e42442d8f3f0e48acd4ca12c722f069e01a07bdffd
subagents/workflows/wf_76b1dc18-be9/agent-a3434c7e476ce69b2.jsonl	ffa2b9bf7d891e0db3daf66c83f557dcfaefdcb5bf1b1387c0718f37099f48cf
subagents/workflows/wf_76b1dc18-be9/agent-a3434c7e476ce69b2.meta.json	253ee425d7c8c9c669a71091847d268025052341a73951905e204d1870b8bc11
subagents/workflows/wf_76b1dc18-be9/journal.jsonl	038d26959766e4e7f92a7d71221f5ecfa004cf289eb4784d166461342b83e90a
subagents/workflows/wf_8dedf1de-a52/agent-ab90ffd27c6c1606b.jsonl	d7e6a540556baa5f92a8405ce38c97a0944f8930fd7d2077e0ac16c92a8541bc
subagents/workflows/wf_8dedf1de-a52/agent-ab90ffd27c6c1606b.meta.json	253ee425d7c8c9c669a71091847d268025052341a73951905e204d1870b8bc11
subagents/workflows/wf_8dedf1de-a52/journal.jsonl	79083e349c07af9d399100e38496be96e16a3c2e826461f871b9987c14e3cef5
subagents/workflows/wf_a082a079-d01/agent-a42f3c8f09046f909.jsonl	66632952784e717e99273bcd380df2f8b511c26c0468fd4cf5c13a3dd1e326e2
subagents/workflows/wf_a082a079-d01/agent-a42f3c8f09046f909.meta.json	253ee425d7c8c9c669a71091847d268025052341a73951905e204d1870b8bc11
subagents/workflows/wf_a082a079-d01/journal.jsonl	208b6f4ce5365772c219ecb24617d72382384c11f858c90f956b3f5cc8d8e2a8
subagents/workflows/wf_c867aeaf-1e3/agent-a0846a6f0c569a421.jsonl	842dafbfd212892db6cc0584dc6b0766351db6bc0acf03bb80053170cad7cdc6
subagents/workflows/wf_c867aeaf-1e3/agent-a0846a6f0c569a421.meta.json	253ee425d7c8c9c669a71091847d268025052341a73951905e204d1870b8bc11
subagents/workflows/wf_c867aeaf-1e3/journal.jsonl	3a8d58db9692f4a58453b834dcb96e3f9cfc18f48b5e2e31a4911399300ea8f8
subagents/workflows/wf_d85a10dc-da0/agent-a6fd9dcf042f7370b.jsonl	5e71fb0c3fb4f07b82596c63d76a4728c78c5c409204e918416a97d4652055a8
subagents/workflows/wf_d85a10dc-da0/agent-a6fd9dcf042f7370b.meta.json	253ee425d7c8c9c669a71091847d268025052341a73951905e204d1870b8bc11
subagents/workflows/wf_d85a10dc-da0/journal.jsonl	c2a51dd5abcaa022fa5cbc4512b0eb51e448a28d0ef627b68521ded56f5474ea
subagents/workflows/wf_f8d0d343-efe/agent-ad581bed727e6554f.jsonl	50cbdfa8d59b198c6bdf9143f3d248753c1dfcc925e9edf3a60a48786a6848fe
subagents/workflows/wf_f8d0d343-efe/agent-ad581bed727e6554f.meta.json	253ee425d7c8c9c669a71091847d268025052341a73951905e204d1870b8bc11
subagents/workflows/wf_f8d0d343-efe/journal.jsonl	24e9bc47e9506bdd3255f995e4b13bb65b04129e87b29b1bce7860dfff202072
workflows/wf_278b18c7-f5e.json	1aafbfbb045d1993b4eefae2a1a911a3dea82c858972ba41522089d0bef5b48d
workflows/wf_353e5904-0ad.json	782c7fc2773048856ffb5767231100122db3ba3903e1f02731e4c5aaa232292e
workflows/wf_4cc5df7d-359.json	641d90b3d5eaf1391307079e36b83ce69d5915b859ef132e78aaa8aaed762fa7
workflows/wf_5430b5a9-717.json	205238afbd1662aff8ce6526edb3e72e74757b36de2dd2a6f31857490d68a83a
workflows/wf_76b1dc18-be9.json	13cbff3561f7357954470a07e8bc8917adcf03c92f21697341ed56f9caef456a
workflows/wf_8dedf1de-a52.json	375c18a89ce68218bcb0980cc718e7194294225e475cccea83ecf8d5d6fafbb3
workflows/wf_a082a079-d01.json	bdfae6315c348af58157471d22059452291f4afa83ffc8c98c572772efe0734d
workflows/wf_c867aeaf-1e3.json	1021217eef0aa6a6e1253071a043e6154a1772aeb7bc284be751dbf357703781
workflows/wf_d85a10dc-da0.json	068e625675e506cd9a5993b3c5407e381f62c433842b166268110fe5e8d614f6
workflows/wf_f8d0d343-efe.json	fb0d258a92193bafa5acf6238e26cd7ed9656bbf152883bf1eaea55e9b7725b4
