git_add_path	files	bytes
a4_recovery/regen_1570/targeted_1589/post_1500_exact_1626/out/a4_final_lock_1683/reconstruct	41	117657
a4_recovery/regen_1570/targeted_1589/post_1500_exact_1626/out/a4_final_lock_1683/tests	43	150061
a4_recovery/regen_1570/targeted_1589/post_1500_exact_1626/out/a4_final_lock_1683/launcher	24	142590
a4_recovery/regen_1570/targeted_1589/post_1500_exact_1626/out/a4_final_lock_1683/lock	31	2443247
a4_recovery/regen_1570/targeted_1589/post_1500_exact_1626/out/a4_final_lock_1683/superseded	11	125532
a4_recovery/regen_1570/targeted_1589/post_1500_exact_1626/out/a4_final_lock_1683/manifest	16	1655260
a4_recovery/regen_1570/targeted_1589/post_1500_exact_1626/out/a4_final_lock_1683/logs	85	1740799
a4_recovery/regen_1570/targeted_1589/post_1500_exact_1626/out/a4_final_lock_1683/out	354	15716730
a4_recovery/regen_1570/targeted_1589/post_1500_exact_1626/out/a4_final_lock_1683/runs_rw	33	1296787
a4_recovery/regen_1570/targeted_1589/post_1500_exact_1626/a4_owner_1726/proved	29	1146426
a4_recovery/regen_1570/targeted_1589/post_1500_exact_1626/a4_owner_1726/patches	8	293862
a4_recovery/regen_1570/targeted_1589/post_1500_exact_1626/a4_owner_1726/tests	5	20093
a4_recovery/regen_1570/targeted_1589/post_1500_exact_1626/a4_owner_1726/recover_a4_owner.py	1	24689
a4_recovery/regen_1570/targeted_1589/post_1500_exact_1626/a4_owner_1726/patch_replay.py	1	3791
a4_recovery/regen_1570/targeted_1589/post_1500_exact_1626/a4_owner_1726/A6_R3_SOURCES.json	1	105
