a7_map_1810_precall.tsv	9c379f98a73f96bc7113204fea00502bf1922405fae77ae7f0872f6be9603f3c	27191
build_map_1810_precall.py	bfe6622aa5b697a75b286390f0e037584930375712bad0d62a154c3069ddb72b	1537
evidence/NATIVE_DENIAL_1810.json	e79eb1a040f52109676a5cc29a0d808f8fe4fd104236997ebe46df6f781ea45d	2522
evidence/PRECALL_1810.json	39f9ee42913ae16b5b10d882909904f44d23a03cc1ce5654f036b5affe60c9e7	2137
evidence/native_envelope_1810.json	55b56959bbc260c9720d9a4137d609fc4a32b51e3e69bd33962363663c364ea8	1297
ledger/precall_1810.py	5981e4167cb42a0e87c03edfc8884856790ae17ac8ddcb66d1cfa77abed83814	8229
ledger/preflight_1810.py	4fa179cbb5c03e74dddbde5bb6f3782031a7980d9ff91601167bb47a432b0e36	1973
logs/PREFLIGHT_1810.json	d5b64d838213c605a01f439d4ed69f882d6e06ce191555816fb13388e0f492c9	626
logs/precall_1810.err	e3b0c44298fc1c149afbf4c8996fb92427ae41e4649b934ca495991b7852b855	0
logs/precall_1810.exit	19eaf43821a7660ec323a87c8457bf74823beb296c39f5e01aa8a683aa50f061	7
logs/precall_1810.out	62c9a6f166500cc068b9072bdce5639b26cbb99c632da375e21096c5473d7ab6	542
logs/preflight_1810.err	e3b0c44298fc1c149afbf4c8996fb92427ae41e4649b934ca495991b7852b855	0
logs/preflight_1810.exit	19eaf43821a7660ec323a87c8457bf74823beb296c39f5e01aa8a683aa50f061	7
logs/preflight_1810.out	1456fcb800bd59cd43babfdc18bf243e125fb4b153778fd28bec7ab804e27793	118
