order	label	wf	scriptPath	sha256	bytes
1	hrt-000/b1	wf_5d8a2d2c-cb0	/tmp/a4_hard_review_run_1495/scripts/hrt-000_b1.attempt1.js	7fb7499cb696d9a5a1b791ffd92383d44225c7f2c80d4a3298a8a77c492d1e4a	74214
2	hrt-000/b2	wf_340dd5d1-db6	/tmp/a4_hard_review_run_1495/scripts/hrt-000_b2.attempt1.js	bdca68a218dab6eee6f2c8c7e3db2b9b7a7f1eb9ccec29d77698561f99650bfd	74214
3	hrt-001/b1	wf_42dd6ad9-13a	/tmp/a4_hard_review_run_1495/scripts/hrt-001_b1.attempt1.js	92df556d081415c7ac4c189da62f17a49e6b2c5ed7099a27c4c0aa64483c48c8	74094
4	hrt-001/b2	wf_dd814327-41a	/tmp/a4_hard_review_run_1495/scripts/hrt-001_b2.attempt1.js	e439c8be5b236f54e8a7fb65eb83b2cac2d2b39d13930900ff6a79e91f209d9c	74094
5	hrt-002/b1	wf_d2cb53c6-57b	/tmp/a4_hard_review_run_1495/scripts/hrt-002_b1.attempt1.js	5ed35358820d70ae80daa8da86e3cf49904da9247012f78e17acc1e2d52deb5e	74919
6	hrt-002/b2	wf_b21bad09-ed5	/tmp/a4_hard_review_run_1495/scripts/hrt-002_b2.attempt1.js	07aea6f732bcfc23a622a8637994ee486eac8e006b7eded09a56f63c3f62ee1d	74919
7	hrt-003/b1	wf_72ffcf73-2a0	/tmp/a4_hard_review_run_1495/scripts/hrt-003_b1.attempt1.js	600ee3f3a652e514c735e52674dd13cd6b6e48d3488ab48085cf9181dec3ca13	73091
8	hrt-003/b2	wf_b72a5d6e-a75	/tmp/a4_hard_review_run_1495/scripts/hrt-003_b2.attempt1.js	e27d73aa52fbe8cd8e4aacb68ab6934bd13964e8b7d2bce445e686790358b602	73091
9	hrt-004/b1	wf_fc2b648d-3dc	/tmp/a4_hard_review_run_1495/scripts/hrt-004_b1.attempt1.js	17280397e30e9f19b6dc31dea2120d306c8173781513ad7cef4f7f353f0bbc0f	77482
10	hrt-004/b2	wf_7dddfbae-895	/tmp/a4_hard_review_run_1495/scripts/hrt-004_b2.attempt1.js	2901659951c0206f920f40612e4b5d7a4324c585620430f9427d35b5d462968a	77482
11	hrt-005/b1	wf_a06ce974-67b	/tmp/a4_hard_review_run_1495/scripts/hrt-005_b1.attempt1.js	7fad81af56f936d090480bd33d1a5217db80842feb95ec74350abe57d348a441	57776
12	hrt-005/b2	wf_be408d2c-6cc	/tmp/a4_hard_review_run_1495/scripts/hrt-005_b2.attempt1.js	8168cb331629f8a598ac9bde5f04eadca2a1408a6688ead677b1e18c61f859ef	57776
13	hrt-006/b1	wf_91cb0595-0fe	/tmp/a4_hard_review_run_1495/scripts/hrt-006_b1.attempt1.js	28c2aa579bbf3d5b0e8fe7150003f9a35a52dece9c6c17c647859854aa3ba015	81442
14	hrt-006/b2	wf_3356d35e-12b	/tmp/a4_hard_review_run_1495/scripts/hrt-006_b2.attempt1.js	5a87a475cc73bf1e53b7a396709bd5d31549af6cc384f2ae41bc97a80c0919e8	81442
15	hrt-007/b1	wf_233429a1-1e1	/tmp/a4_hard_review_run_1495/scripts/hrt-007_b1.attempt1.js	0ed3a315b74de40181d5468350ecaa6da0092fc2746ffe773a00391598d289ae	81456
16	hrt-007/b2	wf_ba54bf3a-dd7	/tmp/a4_hard_review_run_1495/scripts/hrt-007_b2.attempt1.js	b9c54a829b6eac9689d836060d3c0230e4167b78b9c1f47dc6b6600d51fb1c5f	81456
17	hrt-008/b1	wf_d31f0037-971	/tmp/a4_hard_review_run_1495/scripts/hrt-008_b1.attempt1.js	6a5f13cbf470ec36580af6e6322d7ed033bbde8e699def435c6e2d2561f51b33	136371
18	hrt-008/b2	wf_4a7b93c1-da5	/tmp/a4_hard_review_run_1495/scripts/hrt-008_b2.attempt1.js	d84db050422b2e2a4cdfa68d8fef1528c14db96defac1f32b832f397551a8151	136371
19	hrt-009/b1	wf_ebe77c5d-1fa	/tmp/a4_hard_review_run_1495/scripts/hrt-009_b1.attempt1.js	603e85b434e9c62ad380d2fcd538dfff1eafe294cad25bfc8d9f0a2328fced29	63428
20	hrt-009/b2	wf_41d3923f-464	/tmp/a4_hard_review_run_1495/scripts/hrt-009_b2.attempt1.js	2657f3656a7123ed3867c4f9737638582ffc76f432b5f0c1a5ef7b3f0ea92f21	63428
21	hrt-010/b1	wf_545cfd27-62d	/tmp/a4_hard_review_run_1495/scripts/hrt-010_b1.attempt1.js	2907433ec23c8557e4cc290b1cd7197cf82638f6c43f122f9c14e31caad5f4cd	52915
22	hrt-010/b2	wf_f27057f3-c11	/tmp/a4_hard_review_run_1495/scripts/hrt-010_b2.attempt1.js	c9a7ee253fb8d5a18ada4c6a3bd4fbaddae0a283ac42d263d86373e7355d66ac	52915
