a4_recovery/regen_1570/targeted_1589/hard_review_1495/derive_hr_1495.py	a6805b1fb0175ad1439edc36befb47c4b7a6c6c2fe26035892760ac5d93e5c53	13240	provenance
a4_recovery/regen_1570/targeted_1589/hard_review_1495/derived/DERIVATION.tsv	c3b5eb1f39a39797801b93504e9dc41d94b377e8e6e3b1f68de6f24effee3a18	6427	provenance
a4_recovery/regen_1570/targeted_1589/hard_review_1495/derived/a6_launch_freeze.py	8f2d099947ea03963444925d467017936b9abc637d98aace4792e7039d48b890	30166	candidate
a4_recovery/regen_1570/targeted_1589/hard_review_1495/derived/budget_receipt_1487.py	020c18e87d2002c85661398d0b5a3ee82d9392f7cc4212d28ee3452120b4d19a	6708	provenance
a4_recovery/regen_1570/targeted_1589/hard_review_1495/derived/budget_receipt_1488.py	af4728c4e4b8f07593d4b0d338163afd503c1a12e7add91a3ef8fce7294a2740	7171	provenance
a4_recovery/regen_1570/targeted_1589/hard_review_1495/derived/budget_receipt_1492.py	55aaa2d7d469123a3f90aa9b618bc49f839410ecf45370125a8094856093b9df	7127	provenance
a4_recovery/regen_1570/targeted_1589/hard_review_1495/derived/budget_receipt_1493.py	efe1005f1eb48073645c379043c1f6413b49371fc2bf7ed6e22a936e2cbf5fb9	7200	provenance
a4_recovery/regen_1570/targeted_1589/hard_review_1495/derived/build_kfields_hard_review_targeted.py	936ef4a270910b9cca7cafc9fc6f3296ad610406195f125187753417cf10f12a	6832	candidate
a4_recovery/regen_1570/targeted_1589/hard_review_1495/derived/test_a4_hard_review_targeted_1492.py	f8fff528488e8c48ead57ad7a353f8ff924a04003189d7a343eb8770d1d043dc	18617	candidate
a4_recovery/regen_1570/targeted_1589/hard_review_1495/derived/test_a4_targeted_accounting_1492.py	342d52e441c8ac571883a2a0b18717a960d47d97fce2a591210c82975efc466b	13612	candidate
a4_recovery/regen_1570/targeted_1589/hard_review_1495/index_edits_1495.py	0a54f4d868a6e3c3b868655229bb988cfffe21583b7e1ec56f638695b75ba8d2	3655	provenance
a4_recovery/regen_1570/targeted_1589/hard_review_1495/inputs/WORKFLOWS.tsv	0a1e9f4f1c36f9e67492eec7d7840a8ab0249b9479585b5b7817ca1c9e6ce8be	4027	candidate
a4_recovery/regen_1570/targeted_1589/hard_review_1495/inputs/a7_budget_receipt_1492.json	5ffe791f3d7e4d1a29461b4d77c95e654ba3fe2114a1d1119c86fbfff2f2b68d	6322	candidate
a4_recovery/regen_1570/targeted_1589/hard_review_1495/inputs/pointers/a4_dir.txt	63c90444936472cc7568a494ee97c789eeffabca739345a1082f7a1a2b6bfa44	176	provenance
a4_recovery/regen_1570/targeted_1589/hard_review_1495/inputs/pointers/hr_dir.txt	927e38ba01b9582667b20fe4547ff5756e761b1f98aa3b60fdecda51958fec23	179	provenance
a4_recovery/regen_1570/targeted_1589/hard_review_1495/inputs/pointers/hrfix_dir.txt	51f00b8e61010888a595d6553122048ce73b2bf596fc0b64f89551be91a8d312	173	provenance
a4_recovery/regen_1570/targeted_1589/hard_review_1495/inputs/session_store/projects/-home-faisal-EventMarketDB/5ae9b86b-f0f6-4449-beee-9cac7cfa7200/subagents/workflows/wf_233429a1-1e1/agent-a7a6e69ca9e06b528.jsonl	dc134293240dc61e81cad3899bfc81d3810b1f4c05528898a053245574f8e27d	111406	candidate
a4_recovery/regen_1570/targeted_1589/hard_review_1495/inputs/session_store/projects/-home-faisal-EventMarketDB/5ae9b86b-f0f6-4449-beee-9cac7cfa7200/subagents/workflows/wf_233429a1-1e1/agent-a7a6e69ca9e06b528.meta.json	253ee425d7c8c9c669a71091847d268025052341a73951905e204d1870b8bc11	58	candidate
a4_recovery/regen_1570/targeted_1589/hard_review_1495/inputs/session_store/projects/-home-faisal-EventMarketDB/5ae9b86b-f0f6-4449-beee-9cac7cfa7200/subagents/workflows/wf_233429a1-1e1/journal.jsonl	3b4b2396ee84f3edbac217690664867f2fc9a488ab7bc8681c8bccbbac675eb9	1054	candidate
a4_recovery/regen_1570/targeted_1589/hard_review_1495/inputs/session_store/projects/-home-faisal-EventMarketDB/5ae9b86b-f0f6-4449-beee-9cac7cfa7200/subagents/workflows/wf_3356d35e-12b/agent-a440745975b44f822.jsonl	c10210e7bfc6318e5afd6802c0248c6012e90ecf37716fb3f657d3bf1b5f47d9	132373	candidate
a4_recovery/regen_1570/targeted_1589/hard_review_1495/inputs/session_store/projects/-home-faisal-EventMarketDB/5ae9b86b-f0f6-4449-beee-9cac7cfa7200/subagents/workflows/wf_3356d35e-12b/agent-a440745975b44f822.meta.json	253ee425d7c8c9c669a71091847d268025052341a73951905e204d1870b8bc11	58	candidate
a4_recovery/regen_1570/targeted_1589/hard_review_1495/inputs/session_store/projects/-home-faisal-EventMarketDB/5ae9b86b-f0f6-4449-beee-9cac7cfa7200/subagents/workflows/wf_3356d35e-12b/journal.jsonl	51d9fe0e93f26404d4b862958c6d84ab64013a56ffa7a3ee18a7dcea16e5e995	1373	candidate
a4_recovery/regen_1570/targeted_1589/hard_review_1495/inputs/session_store/projects/-home-faisal-EventMarketDB/5ae9b86b-f0f6-4449-beee-9cac7cfa7200/subagents/workflows/wf_340dd5d1-db6/agent-af5ccd24b93742069.jsonl	c30dbc088ad15c14a1783d7b8092b9882b7086ca1e99be680ad582719271965c	84153	candidate
a4_recovery/regen_1570/targeted_1589/hard_review_1495/inputs/session_store/projects/-home-faisal-EventMarketDB/5ae9b86b-f0f6-4449-beee-9cac7cfa7200/subagents/workflows/wf_340dd5d1-db6/agent-af5ccd24b93742069.meta.json	253ee425d7c8c9c669a71091847d268025052341a73951905e204d1870b8bc11	58	candidate
a4_recovery/regen_1570/targeted_1589/hard_review_1495/inputs/session_store/projects/-home-faisal-EventMarketDB/5ae9b86b-f0f6-4449-beee-9cac7cfa7200/subagents/workflows/wf_340dd5d1-db6/journal.jsonl	5456f09880e952dc1d5f1f51a7f9c60f3421a9061cc2a6a236d2d6aae61bf0e9	1368	candidate
a4_recovery/regen_1570/targeted_1589/hard_review_1495/inputs/session_store/projects/-home-faisal-EventMarketDB/5ae9b86b-f0f6-4449-beee-9cac7cfa7200/subagents/workflows/wf_41d3923f-464/agent-a39312c2cc8741f4a.jsonl	c190404e1d324e222c5de341f12942c51a6c25810d7d079b6a634058dbc849da	81148	candidate
a4_recovery/regen_1570/targeted_1589/hard_review_1495/inputs/session_store/projects/-home-faisal-EventMarketDB/5ae9b86b-f0f6-4449-beee-9cac7cfa7200/subagents/workflows/wf_41d3923f-464/agent-a39312c2cc8741f4a.meta.json	253ee425d7c8c9c669a71091847d268025052341a73951905e204d1870b8bc11	58	candidate
a4_recovery/regen_1570/targeted_1589/hard_review_1495/inputs/session_store/projects/-home-faisal-EventMarketDB/5ae9b86b-f0f6-4449-beee-9cac7cfa7200/subagents/workflows/wf_41d3923f-464/journal.jsonl	7a5364bcc31209edd62ce80f713bcb9bd66c502c256c8c1f7eae4c46344e1d1d	1301	candidate
a4_recovery/regen_1570/targeted_1589/hard_review_1495/inputs/session_store/projects/-home-faisal-EventMarketDB/5ae9b86b-f0f6-4449-beee-9cac7cfa7200/subagents/workflows/wf_42dd6ad9-13a/agent-a0679e5cbd7496156.jsonl	69800ef71894f3b39e098067ff00441d0791210adf9a41ac2ddc1cf9bd4e683e	98168	candidate
a4_recovery/regen_1570/targeted_1589/hard_review_1495/inputs/session_store/projects/-home-faisal-EventMarketDB/5ae9b86b-f0f6-4449-beee-9cac7cfa7200/subagents/workflows/wf_42dd6ad9-13a/agent-a0679e5cbd7496156.meta.json	253ee425d7c8c9c669a71091847d268025052341a73951905e204d1870b8bc11	58	candidate
a4_recovery/regen_1570/targeted_1589/hard_review_1495/inputs/session_store/projects/-home-faisal-EventMarketDB/5ae9b86b-f0f6-4449-beee-9cac7cfa7200/subagents/workflows/wf_42dd6ad9-13a/journal.jsonl	1796681dfd4d30ff0afb299d630cd6b228ba6a64ecc3c829f4659bd8fadea71d	1566	candidate
a4_recovery/regen_1570/targeted_1589/hard_review_1495/inputs/session_store/projects/-home-faisal-EventMarketDB/5ae9b86b-f0f6-4449-beee-9cac7cfa7200/subagents/workflows/wf_4a7b93c1-da5/agent-a0c9fd3bc33bc4820.jsonl	39d06ee95796b7d183faa03cf6ffc0ca4a69fecb84afd26c8497a9a92b33cf5b	194950	candidate
a4_recovery/regen_1570/targeted_1589/hard_review_1495/inputs/session_store/projects/-home-faisal-EventMarketDB/5ae9b86b-f0f6-4449-beee-9cac7cfa7200/subagents/workflows/wf_4a7b93c1-da5/agent-a0c9fd3bc33bc4820.meta.json	253ee425d7c8c9c669a71091847d268025052341a73951905e204d1870b8bc11	58	candidate
a4_recovery/regen_1570/targeted_1589/hard_review_1495/inputs/session_store/projects/-home-faisal-EventMarketDB/5ae9b86b-f0f6-4449-beee-9cac7cfa7200/subagents/workflows/wf_4a7b93c1-da5/journal.jsonl	8d02f1f7345f68a3f309e9356ba8aa0e98c7128b928bd1a7b57591c393308145	2304	candidate
a4_recovery/regen_1570/targeted_1589/hard_review_1495/inputs/session_store/projects/-home-faisal-EventMarketDB/5ae9b86b-f0f6-4449-beee-9cac7cfa7200/subagents/workflows/wf_545cfd27-62d/agent-ae829d9d8948d1e8b.jsonl	cfa390fb40f869b021311fbf7703ebcd1a6abd2240a069e083d10c4dcfcf893c	83145	candidate
a4_recovery/regen_1570/targeted_1589/hard_review_1495/inputs/session_store/projects/-home-faisal-EventMarketDB/5ae9b86b-f0f6-4449-beee-9cac7cfa7200/subagents/workflows/wf_545cfd27-62d/agent-ae829d9d8948d1e8b.meta.json	253ee425d7c8c9c669a71091847d268025052341a73951905e204d1870b8bc11	58	candidate
a4_recovery/regen_1570/targeted_1589/hard_review_1495/inputs/session_store/projects/-home-faisal-EventMarketDB/5ae9b86b-f0f6-4449-beee-9cac7cfa7200/subagents/workflows/wf_545cfd27-62d/journal.jsonl	8a36ffa4ac1dc30da9cc465dc97df99bad381394627bdffc122177f2fa3d9409	1454	candidate
a4_recovery/regen_1570/targeted_1589/hard_review_1495/inputs/session_store/projects/-home-faisal-EventMarketDB/5ae9b86b-f0f6-4449-beee-9cac7cfa7200/subagents/workflows/wf_5d8a2d2c-cb0/agent-a605a9fde983fb134.jsonl	f52a7277594e03e02f66639dedcca9266b4b43d250c22d9b1d49409a60c9052a	84537	candidate
a4_recovery/regen_1570/targeted_1589/hard_review_1495/inputs/session_store/projects/-home-faisal-EventMarketDB/5ae9b86b-f0f6-4449-beee-9cac7cfa7200/subagents/workflows/wf_5d8a2d2c-cb0/agent-a605a9fde983fb134.meta.json	253ee425d7c8c9c669a71091847d268025052341a73951905e204d1870b8bc11	58	candidate
a4_recovery/regen_1570/targeted_1589/hard_review_1495/inputs/session_store/projects/-home-faisal-EventMarketDB/5ae9b86b-f0f6-4449-beee-9cac7cfa7200/subagents/workflows/wf_5d8a2d2c-cb0/journal.jsonl	2117aaf967831063ff13ad069dec6f86d5fe56112817a505d4ce815455ada519	1368	candidate
a4_recovery/regen_1570/targeted_1589/hard_review_1495/inputs/session_store/projects/-home-faisal-EventMarketDB/5ae9b86b-f0f6-4449-beee-9cac7cfa7200/subagents/workflows/wf_72ffcf73-2a0/agent-a957f96ecddff6a28.jsonl	283cb97e2b0bbf78946020422f9b120c2dace0428c8270e063ade65c861530c0	120254	candidate
a4_recovery/regen_1570/targeted_1589/hard_review_1495/inputs/session_store/projects/-home-faisal-EventMarketDB/5ae9b86b-f0f6-4449-beee-9cac7cfa7200/subagents/workflows/wf_72ffcf73-2a0/agent-a957f96ecddff6a28.meta.json	253ee425d7c8c9c669a71091847d268025052341a73951905e204d1870b8bc11	58	candidate
a4_recovery/regen_1570/targeted_1589/hard_review_1495/inputs/session_store/projects/-home-faisal-EventMarketDB/5ae9b86b-f0f6-4449-beee-9cac7cfa7200/subagents/workflows/wf_72ffcf73-2a0/journal.jsonl	4fcf74983ee36835db82d6e6f660367f6ed5eb69967e88f7590519d289f6ddf5	1332	candidate
a4_recovery/regen_1570/targeted_1589/hard_review_1495/inputs/session_store/projects/-home-faisal-EventMarketDB/5ae9b86b-f0f6-4449-beee-9cac7cfa7200/subagents/workflows/wf_7dddfbae-895/agent-a5516340e309b63f9.jsonl	73303c7023dc30b8a0b950a82defc82ce56759ea793c1ac74724730860137731	93682	candidate
a4_recovery/regen_1570/targeted_1589/hard_review_1495/inputs/session_store/projects/-home-faisal-EventMarketDB/5ae9b86b-f0f6-4449-beee-9cac7cfa7200/subagents/workflows/wf_7dddfbae-895/agent-a5516340e309b63f9.meta.json	253ee425d7c8c9c669a71091847d268025052341a73951905e204d1870b8bc11	58	candidate
a4_recovery/regen_1570/targeted_1589/hard_review_1495/inputs/session_store/projects/-home-faisal-EventMarketDB/5ae9b86b-f0f6-4449-beee-9cac7cfa7200/subagents/workflows/wf_7dddfbae-895/journal.jsonl	c1a505023436385540c2dcd590776c146f2d7af2b342b899f96bd32e253e7db4	1301	candidate
a4_recovery/regen_1570/targeted_1589/hard_review_1495/inputs/session_store/projects/-home-faisal-EventMarketDB/5ae9b86b-f0f6-4449-beee-9cac7cfa7200/subagents/workflows/wf_91cb0595-0fe/agent-acf8eb0026cabc8a0.jsonl	2aa1ade2acb1cd00df198bc9d046924183704e05498f6af97537144028d1aecc	119817	candidate
a4_recovery/regen_1570/targeted_1589/hard_review_1495/inputs/session_store/projects/-home-faisal-EventMarketDB/5ae9b86b-f0f6-4449-beee-9cac7cfa7200/subagents/workflows/wf_91cb0595-0fe/agent-acf8eb0026cabc8a0.meta.json	253ee425d7c8c9c669a71091847d268025052341a73951905e204d1870b8bc11	58	candidate
a4_recovery/regen_1570/targeted_1589/hard_review_1495/inputs/session_store/projects/-home-faisal-EventMarketDB/5ae9b86b-f0f6-4449-beee-9cac7cfa7200/subagents/workflows/wf_91cb0595-0fe/journal.jsonl	a3e48e5ca9fdef3b38304d22d029c01770ed17d372173abddb36f1b613e997d6	1351	candidate
a4_recovery/regen_1570/targeted_1589/hard_review_1495/inputs/session_store/projects/-home-faisal-EventMarketDB/5ae9b86b-f0f6-4449-beee-9cac7cfa7200/subagents/workflows/wf_a06ce974-67b/agent-ab97fe143f1e9c97c.jsonl	5af5a79176a9b442cc6bf707678731e1e7ecc949b98c76230c3883f40a44170e	106225	candidate
a4_recovery/regen_1570/targeted_1589/hard_review_1495/inputs/session_store/projects/-home-faisal-EventMarketDB/5ae9b86b-f0f6-4449-beee-9cac7cfa7200/subagents/workflows/wf_a06ce974-67b/agent-ab97fe143f1e9c97c.meta.json	253ee425d7c8c9c669a71091847d268025052341a73951905e204d1870b8bc11	58	candidate
a4_recovery/regen_1570/targeted_1589/hard_review_1495/inputs/session_store/projects/-home-faisal-EventMarketDB/5ae9b86b-f0f6-4449-beee-9cac7cfa7200/subagents/workflows/wf_a06ce974-67b/journal.jsonl	c84d23e09cd0de28e52675ac1a628571da6b2c4a67fcf0a607de4a6fd79d522e	1310	candidate
a4_recovery/regen_1570/targeted_1589/hard_review_1495/inputs/session_store/projects/-home-faisal-EventMarketDB/5ae9b86b-f0f6-4449-beee-9cac7cfa7200/subagents/workflows/wf_b21bad09-ed5/agent-a7cc80c48d1cab0cb.jsonl	ee39f9746a772dd7a1b5826893e4f2d53165582601c2fe47ebfa37ac2e92b507	90663	candidate
a4_recovery/regen_1570/targeted_1589/hard_review_1495/inputs/session_store/projects/-home-faisal-EventMarketDB/5ae9b86b-f0f6-4449-beee-9cac7cfa7200/subagents/workflows/wf_b21bad09-ed5/agent-a7cc80c48d1cab0cb.meta.json	253ee425d7c8c9c669a71091847d268025052341a73951905e204d1870b8bc11	58	candidate
a4_recovery/regen_1570/targeted_1589/hard_review_1495/inputs/session_store/projects/-home-faisal-EventMarketDB/5ae9b86b-f0f6-4449-beee-9cac7cfa7200/subagents/workflows/wf_b21bad09-ed5/journal.jsonl	8bbf1e5c88368862e7612bf5768cc22c3faa64a361dbf32a1bd5327428d5e492	1297	candidate
a4_recovery/regen_1570/targeted_1589/hard_review_1495/inputs/session_store/projects/-home-faisal-EventMarketDB/5ae9b86b-f0f6-4449-beee-9cac7cfa7200/subagents/workflows/wf_b72a5d6e-a75/agent-a0895489d6cc6fe40.jsonl	1fbde7edeecdd4aaeab0f2d1cfb9a43ba863d62cbc4b342b17ec138dad34fa1f	128454	candidate
a4_recovery/regen_1570/targeted_1589/hard_review_1495/inputs/session_store/projects/-home-faisal-EventMarketDB/5ae9b86b-f0f6-4449-beee-9cac7cfa7200/subagents/workflows/wf_b72a5d6e-a75/agent-a0895489d6cc6fe40.meta.json	253ee425d7c8c9c669a71091847d268025052341a73951905e204d1870b8bc11	58	candidate
a4_recovery/regen_1570/targeted_1589/hard_review_1495/inputs/session_store/projects/-home-faisal-EventMarketDB/5ae9b86b-f0f6-4449-beee-9cac7cfa7200/subagents/workflows/wf_b72a5d6e-a75/journal.jsonl	870fc3b5c12face1f166a493cadc79810e09bf0e3910df2ec50087013091f1a3	1321	candidate
a4_recovery/regen_1570/targeted_1589/hard_review_1495/inputs/session_store/projects/-home-faisal-EventMarketDB/5ae9b86b-f0f6-4449-beee-9cac7cfa7200/subagents/workflows/wf_ba54bf3a-dd7/agent-a709688fa13d87041.jsonl	427b3e8468a17fd939eccfd7ef959d2a1ba93020e39de97232fc67c9a23c37ca	137622	candidate
a4_recovery/regen_1570/targeted_1589/hard_review_1495/inputs/session_store/projects/-home-faisal-EventMarketDB/5ae9b86b-f0f6-4449-beee-9cac7cfa7200/subagents/workflows/wf_ba54bf3a-dd7/agent-a709688fa13d87041.meta.json	253ee425d7c8c9c669a71091847d268025052341a73951905e204d1870b8bc11	58	candidate
a4_recovery/regen_1570/targeted_1589/hard_review_1495/inputs/session_store/projects/-home-faisal-EventMarketDB/5ae9b86b-f0f6-4449-beee-9cac7cfa7200/subagents/workflows/wf_ba54bf3a-dd7/journal.jsonl	ab491064ffcb0ecb7d4276b1ef3e16d23ad4e4a50951812885422e08aece96d6	1328	candidate
a4_recovery/regen_1570/targeted_1589/hard_review_1495/inputs/session_store/projects/-home-faisal-EventMarketDB/5ae9b86b-f0f6-4449-beee-9cac7cfa7200/subagents/workflows/wf_be408d2c-6cc/agent-aa70d21f6f4ce435f.jsonl	a194c0e105905fd54ff8a1911854541ea5d01a5973b1f7b8a0cf5b0125b26531	99928	candidate
a4_recovery/regen_1570/targeted_1589/hard_review_1495/inputs/session_store/projects/-home-faisal-EventMarketDB/5ae9b86b-f0f6-4449-beee-9cac7cfa7200/subagents/workflows/wf_be408d2c-6cc/agent-aa70d21f6f4ce435f.meta.json	253ee425d7c8c9c669a71091847d268025052341a73951905e204d1870b8bc11	58	candidate
a4_recovery/regen_1570/targeted_1589/hard_review_1495/inputs/session_store/projects/-home-faisal-EventMarketDB/5ae9b86b-f0f6-4449-beee-9cac7cfa7200/subagents/workflows/wf_be408d2c-6cc/journal.jsonl	0def6fcb80eef30986fc2940d707d3662c1b04b93dfca24689ed4f331f883f41	1310	candidate
a4_recovery/regen_1570/targeted_1589/hard_review_1495/inputs/session_store/projects/-home-faisal-EventMarketDB/5ae9b86b-f0f6-4449-beee-9cac7cfa7200/subagents/workflows/wf_d2cb53c6-57b/agent-acdb72d3a17b3a9a8.jsonl	d7178241b4f8eaab90f6cd23ea771e713aed0d0f53347d19e20f14831dfaa0bb	89556	candidate
a4_recovery/regen_1570/targeted_1589/hard_review_1495/inputs/session_store/projects/-home-faisal-EventMarketDB/5ae9b86b-f0f6-4449-beee-9cac7cfa7200/subagents/workflows/wf_d2cb53c6-57b/agent-acdb72d3a17b3a9a8.meta.json	253ee425d7c8c9c669a71091847d268025052341a73951905e204d1870b8bc11	58	candidate
a4_recovery/regen_1570/targeted_1589/hard_review_1495/inputs/session_store/projects/-home-faisal-EventMarketDB/5ae9b86b-f0f6-4449-beee-9cac7cfa7200/subagents/workflows/wf_d2cb53c6-57b/journal.jsonl	67d89e9ea1f46af33303e0f9605909ce749d2fe3f7dfb26b6069b51bc3155b89	1297	candidate
a4_recovery/regen_1570/targeted_1589/hard_review_1495/inputs/session_store/projects/-home-faisal-EventMarketDB/5ae9b86b-f0f6-4449-beee-9cac7cfa7200/subagents/workflows/wf_d31f0037-971/agent-abe256afd3014d7e1.jsonl	8bb6e34c5555366176aef9d06fbf7a48f8eb5a49145cbd0f2412a68bcd8c7796	179404	candidate
a4_recovery/regen_1570/targeted_1589/hard_review_1495/inputs/session_store/projects/-home-faisal-EventMarketDB/5ae9b86b-f0f6-4449-beee-9cac7cfa7200/subagents/workflows/wf_d31f0037-971/agent-abe256afd3014d7e1.meta.json	253ee425d7c8c9c669a71091847d268025052341a73951905e204d1870b8bc11	58	candidate
a4_recovery/regen_1570/targeted_1589/hard_review_1495/inputs/session_store/projects/-home-faisal-EventMarketDB/5ae9b86b-f0f6-4449-beee-9cac7cfa7200/subagents/workflows/wf_d31f0037-971/journal.jsonl	d929afba1e2e0ebae91887118aa387a0c4bf5359960b6894e560562805a04894	2438	candidate
a4_recovery/regen_1570/targeted_1589/hard_review_1495/inputs/session_store/projects/-home-faisal-EventMarketDB/5ae9b86b-f0f6-4449-beee-9cac7cfa7200/subagents/workflows/wf_dd814327-41a/agent-a94ef2fdb888ceff1.jsonl	9375af350383900eaa1579fc6c45e0e1d66aa6ecc5190d817a1d4b585638c02c	91488	candidate
a4_recovery/regen_1570/targeted_1589/hard_review_1495/inputs/session_store/projects/-home-faisal-EventMarketDB/5ae9b86b-f0f6-4449-beee-9cac7cfa7200/subagents/workflows/wf_dd814327-41a/agent-a94ef2fdb888ceff1.meta.json	253ee425d7c8c9c669a71091847d268025052341a73951905e204d1870b8bc11	58	candidate
a4_recovery/regen_1570/targeted_1589/hard_review_1495/inputs/session_store/projects/-home-faisal-EventMarketDB/5ae9b86b-f0f6-4449-beee-9cac7cfa7200/subagents/workflows/wf_dd814327-41a/journal.jsonl	45d9c7c9cfaee46f9164a5087657cb362062a99507edcbd75d6a6675de0ab20f	1298	candidate
a4_recovery/regen_1570/targeted_1589/hard_review_1495/inputs/session_store/projects/-home-faisal-EventMarketDB/5ae9b86b-f0f6-4449-beee-9cac7cfa7200/subagents/workflows/wf_ebe77c5d-1fa/agent-afffcc33463141bf3.jsonl	20d134a622c74e34ca635f5ca5f9d30706410441fba3325f8f728e789e80e2a8	79549	candidate
a4_recovery/regen_1570/targeted_1589/hard_review_1495/inputs/session_store/projects/-home-faisal-EventMarketDB/5ae9b86b-f0f6-4449-beee-9cac7cfa7200/subagents/workflows/wf_ebe77c5d-1fa/agent-afffcc33463141bf3.meta.json	253ee425d7c8c9c669a71091847d268025052341a73951905e204d1870b8bc11	58	candidate
a4_recovery/regen_1570/targeted_1589/hard_review_1495/inputs/session_store/projects/-home-faisal-EventMarketDB/5ae9b86b-f0f6-4449-beee-9cac7cfa7200/subagents/workflows/wf_ebe77c5d-1fa/journal.jsonl	f81b77552de2d8a7c8f09fc7f8f2e4b5fb6ecfbbd505d1b81225ac779a1c5540	1297	candidate
a4_recovery/regen_1570/targeted_1589/hard_review_1495/inputs/session_store/projects/-home-faisal-EventMarketDB/5ae9b86b-f0f6-4449-beee-9cac7cfa7200/subagents/workflows/wf_f27057f3-c11/agent-a673463ce7238a0ef.jsonl	3b3c52af590df3be83ba93b0b98f15c7c8fb9ff10084442ca3ce1aa6030bcbb9	79570	candidate
a4_recovery/regen_1570/targeted_1589/hard_review_1495/inputs/session_store/projects/-home-faisal-EventMarketDB/5ae9b86b-f0f6-4449-beee-9cac7cfa7200/subagents/workflows/wf_f27057f3-c11/agent-a673463ce7238a0ef.meta.json	253ee425d7c8c9c669a71091847d268025052341a73951905e204d1870b8bc11	58	candidate
a4_recovery/regen_1570/targeted_1589/hard_review_1495/inputs/session_store/projects/-home-faisal-EventMarketDB/5ae9b86b-f0f6-4449-beee-9cac7cfa7200/subagents/workflows/wf_f27057f3-c11/journal.jsonl	e428cdc14abcbfd5caf6a34e54e711d87a12da6655214b6a962b14ae93a4b709	1371	candidate
a4_recovery/regen_1570/targeted_1589/hard_review_1495/inputs/session_store/projects/-home-faisal-EventMarketDB/5ae9b86b-f0f6-4449-beee-9cac7cfa7200/subagents/workflows/wf_fc2b648d-3dc/agent-aa3d73cc9ed2f322e.jsonl	de337efad31051b9ede208393d2a46a83a3543df35e63979d38e4e172ce378cf	95665	candidate
a4_recovery/regen_1570/targeted_1589/hard_review_1495/inputs/session_store/projects/-home-faisal-EventMarketDB/5ae9b86b-f0f6-4449-beee-9cac7cfa7200/subagents/workflows/wf_fc2b648d-3dc/agent-aa3d73cc9ed2f322e.meta.json	253ee425d7c8c9c669a71091847d268025052341a73951905e204d1870b8bc11	58	candidate
a4_recovery/regen_1570/targeted_1589/hard_review_1495/inputs/session_store/projects/-home-faisal-EventMarketDB/5ae9b86b-f0f6-4449-beee-9cac7cfa7200/subagents/workflows/wf_fc2b648d-3dc/journal.jsonl	78f0dbb8d84d5dee03bd309f124ea9655a29c681e7b808ca520dbc1ff4a84124	1311	candidate
a4_recovery/regen_1570/targeted_1589/hard_review_1495/inputs/session_store/projects/-home-faisal-EventMarketDB/5ae9b86b-f0f6-4449-beee-9cac7cfa7200/workflows/wf_233429a1-1e1.json	e2cfc37f2b8e1082b73e627d1ce6f06a46a1945efbf945ddd30e42efe12a388b	86945	candidate
a4_recovery/regen_1570/targeted_1589/hard_review_1495/inputs/session_store/projects/-home-faisal-EventMarketDB/5ae9b86b-f0f6-4449-beee-9cac7cfa7200/workflows/wf_3356d35e-12b.json	55c7a72a9dc6e4181264aea48a7040869312b8ffbf672cb77d11af2dae669096	87283	candidate
a4_recovery/regen_1570/targeted_1589/hard_review_1495/inputs/session_store/projects/-home-faisal-EventMarketDB/5ae9b86b-f0f6-4449-beee-9cac7cfa7200/workflows/wf_340dd5d1-db6.json	942f52db64ea5e259a81bfcdf20fc288c128996f9836ab496a0af26ab7037451	78956	candidate
a4_recovery/regen_1570/targeted_1589/hard_review_1495/inputs/session_store/projects/-home-faisal-EventMarketDB/5ae9b86b-f0f6-4449-beee-9cac7cfa7200/workflows/wf_41d3923f-464.json	672df84b36a7d2c02886870a4dec4088eb870838a526c0f6668ac42ceacec52e	70521	candidate
a4_recovery/regen_1570/targeted_1589/hard_review_1495/inputs/session_store/projects/-home-faisal-EventMarketDB/5ae9b86b-f0f6-4449-beee-9cac7cfa7200/workflows/wf_42dd6ad9-13a.json	a1c7887aaa9fa8b23726af217f563bc8c1b0d3be5e1fea41aadbe139e14a3198	79032	candidate
a4_recovery/regen_1570/targeted_1589/hard_review_1495/inputs/session_store/projects/-home-faisal-EventMarketDB/5ae9b86b-f0f6-4449-beee-9cac7cfa7200/workflows/wf_4a7b93c1-da5.json	55e3db216aace1d0b96c7714c6858757c47c69888b57448259a1a4a5db5006f4	145004	candidate
a4_recovery/regen_1570/targeted_1589/hard_review_1495/inputs/session_store/projects/-home-faisal-EventMarketDB/5ae9b86b-f0f6-4449-beee-9cac7cfa7200/workflows/wf_545cfd27-62d.json	a27880323cdf3161dbafac7f7752cdf74e187034c789c0838beebec94acc31aa	57732	candidate
a4_recovery/regen_1570/targeted_1589/hard_review_1495/inputs/session_store/projects/-home-faisal-EventMarketDB/5ae9b86b-f0f6-4449-beee-9cac7cfa7200/workflows/wf_5d8a2d2c-cb0.json	7471373f97bc97b3e8dc38f91a216491353ebfe169fd2dab287bdb6df5c36c36	78956	candidate
a4_recovery/regen_1570/targeted_1589/hard_review_1495/inputs/session_store/projects/-home-faisal-EventMarketDB/5ae9b86b-f0f6-4449-beee-9cac7cfa7200/workflows/wf_72ffcf73-2a0.json	a35de85d9acdb0b6697566802cca8d474c08ddd5fb20dbb18db668d4aa05f22e	79061	candidate
a4_recovery/regen_1570/targeted_1589/hard_review_1495/inputs/session_store/projects/-home-faisal-EventMarketDB/5ae9b86b-f0f6-4449-beee-9cac7cfa7200/workflows/wf_7dddfbae-895.json	a0e03c016c59611de807ea3f5158ffd1006cfc9d9763474bb1b6f0d01f969604	82935	candidate
a4_recovery/regen_1570/targeted_1589/hard_review_1495/inputs/session_store/projects/-home-faisal-EventMarketDB/5ae9b86b-f0f6-4449-beee-9cac7cfa7200/workflows/wf_91cb0595-0fe.json	53573660ee15b04374502cd677efd08d0cf372ecb384780c5e81db6f2807a374	87260	candidate
a4_recovery/regen_1570/targeted_1589/hard_review_1495/inputs/session_store/projects/-home-faisal-EventMarketDB/5ae9b86b-f0f6-4449-beee-9cac7cfa7200/workflows/wf_a06ce974-67b.json	f4750dd48472bc7bcb38262910758d8274504446898cf71f406f92cf832fe468	62637	candidate
a4_recovery/regen_1570/targeted_1589/hard_review_1495/inputs/session_store/projects/-home-faisal-EventMarketDB/5ae9b86b-f0f6-4449-beee-9cac7cfa7200/workflows/wf_b21bad09-ed5.json	e19e66278fbd0126134b708ff6f13048297ca7ca76825a0e63cface1667b82d9	79590	candidate
a4_recovery/regen_1570/targeted_1589/hard_review_1495/inputs/session_store/projects/-home-faisal-EventMarketDB/5ae9b86b-f0f6-4449-beee-9cac7cfa7200/workflows/wf_b72a5d6e-a75.json	2ad0490b0d0847ac0a4969309a1c5f15e720e323e96c98eec8e833398f0685fb	79051	candidate
a4_recovery/regen_1570/targeted_1589/hard_review_1495/inputs/session_store/projects/-home-faisal-EventMarketDB/5ae9b86b-f0f6-4449-beee-9cac7cfa7200/workflows/wf_ba54bf3a-dd7.json	6440c84c608e8072bcc3e391c415aeaa8ace70fb9652a8f46b547e3851404868	87251	candidate
a4_recovery/regen_1570/targeted_1589/hard_review_1495/inputs/session_store/projects/-home-faisal-EventMarketDB/5ae9b86b-f0f6-4449-beee-9cac7cfa7200/workflows/wf_be408d2c-6cc.json	89c5b9c9f76222d06bd87b70af3792f74da1471488167aada803dfc47be4c926	62637	candidate
a4_recovery/regen_1570/targeted_1589/hard_review_1495/inputs/session_store/projects/-home-faisal-EventMarketDB/5ae9b86b-f0f6-4449-beee-9cac7cfa7200/workflows/wf_d2cb53c6-57b.json	7d8077f0dff23383c2ce26081da7f3b43e4ea50aaaae9cf6bf7d5267026d8dfb	79590	candidate
a4_recovery/regen_1570/targeted_1589/hard_review_1495/inputs/session_store/projects/-home-faisal-EventMarketDB/5ae9b86b-f0f6-4449-beee-9cac7cfa7200/workflows/wf_d31f0037-971.json	815a8640209860f47c8bd2493f6ca2e166481e41533b612b3669732d5d5d946b	145138	candidate
a4_recovery/regen_1570/targeted_1589/hard_review_1495/inputs/session_store/projects/-home-faisal-EventMarketDB/5ae9b86b-f0f6-4449-beee-9cac7cfa7200/workflows/wf_dd814327-41a.json	4582b32d441fa64d21b2d61f8dc2580cebc698819a7f9101307bc587c45ffa7d	78767	candidate
a4_recovery/regen_1570/targeted_1589/hard_review_1495/inputs/session_store/projects/-home-faisal-EventMarketDB/5ae9b86b-f0f6-4449-beee-9cac7cfa7200/workflows/wf_ebe77c5d-1fa.json	77a0d941607f6d60af72190e9ce737317cb5e0023e62e761e3a091a3fdc64446	70517	candidate
a4_recovery/regen_1570/targeted_1589/hard_review_1495/inputs/session_store/projects/-home-faisal-EventMarketDB/5ae9b86b-f0f6-4449-beee-9cac7cfa7200/workflows/wf_f27057f3-c11.json	38e9357d813c04f7083ba8637780815a711491e62e534c9d738b4ed371d85472	57648	candidate
a4_recovery/regen_1570/targeted_1589/hard_review_1495/inputs/session_store/projects/-home-faisal-EventMarketDB/5ae9b86b-f0f6-4449-beee-9cac7cfa7200/workflows/wf_fc2b648d-3dc.json	332d04fd3f18323ca113e08dbc6d416960aa1d53cc921d32e726cec21c0d8f8a	82944	candidate
a4_recovery/regen_1570/targeted_1589/hard_review_1495/out/attempt10/A.sha	0cb0f5132bc2841db9c68f80547d3f6ec5704d8c01ca5ee28f46dbdabf29b9b0	5842	candidate
a4_recovery/regen_1570/targeted_1589/hard_review_1495/out/attempt10/A/CHECKS.tsv	d2759a3c94c695c11c83ea111607a7b4b872771512f7cef5ff86e15d0dc4b5ae	3413	candidate
a4_recovery/regen_1570/targeted_1589/hard_review_1495/out/attempt10/A/DEPENDENCIES.tsv	3258d276b873ef45fa4fabb9c4b288decf4874d743a8ab079737dbea11e4eabf	6311	candidate
a4_recovery/regen_1570/targeted_1589/hard_review_1495/out/attempt10/A/LAUNCHERS.tsv	37d86e4699ef5b34d31e84c543ec5bf7f3a10989c70a3746397e8bf94b6a4fdd	3574	candidate
a4_recovery/regen_1570/targeted_1589/hard_review_1495/out/attempt10/A/LIFECYCLE.txt	366cbc3f216b7d486ce6e59dc7f7d8677e73e719678c21e7fbdec5fb144394ce	1355	candidate
a4_recovery/regen_1570/targeted_1589/hard_review_1495/out/attempt10/A/OPENED.tsv	fbb3d31754b809fa19a62ec578cc598af37c3ea93d75e16d442cbefcb7859b30	566831	candidate
a4_recovery/regen_1570/targeted_1589/hard_review_1495/out/attempt10/A/PLACED.tsv	cf614e660e5fb391a7aaec353b85a9d633a827b9b29b2f773983b89d43727fd3	4235	candidate
a4_recovery/regen_1570/targeted_1589/hard_review_1495/out/attempt10/A/RESULT.txt	85262801bfdabc7572879cc2db8cb4fb363328070347501aa79c5ad5b2a0c410	6764	candidate
a4_recovery/regen_1570/targeted_1589/hard_review_1495/out/attempt10/A/STATES.tsv	4dd526dcbc7a6dd6126b5652e5dc00cbf72ee327cece2e1820cc128b05dc80b3	4219	candidate
a4_recovery/regen_1570/targeted_1589/hard_review_1495/out/attempt10/A/a7_budget_receipt_1492.json	5ffe791f3d7e4d1a29461b4d77c95e654ba3fe2114a1d1119c86fbfff2f2b68d	6322	candidate
a4_recovery/regen_1570/targeted_1589/hard_review_1495/out/attempt10/A/a7_budget_receipt_1493.json	20b74a65e6a776f038ad225f1094ab60a1d197f537d4b5a5184358a513964eac	6547	candidate
a4_recovery/regen_1570/targeted_1589/hard_review_1495/out/attempt10/A/hard_review.manifest.json	7570e63adead0cd5374a8cc30cac583cbd12d03b0cd6b484c331ffcd7a367a91	12953	candidate
a4_recovery/regen_1570/targeted_1589/hard_review_1495/out/attempt10/A/prompt_prefix_item.txt	216caccb6edeb327e16a40b0cb97e835986846cd51a87f2520d351980f94ee99	25351	candidate
a4_recovery/regen_1570/targeted_1589/hard_review_1495/out/attempt10/A/raw/hrt-000_b1.attempt1.proved.json	9d3b7b94d3779f6cb7fe4ce9957c57cc75f271d391d77ba9b92f56b4fe4eed3e	988	candidate
a4_recovery/regen_1570/targeted_1589/hard_review_1495/out/attempt10/A/raw/hrt-000_b2.attempt1.proved.json	9d3b7b94d3779f6cb7fe4ce9957c57cc75f271d391d77ba9b92f56b4fe4eed3e	988	candidate
a4_recovery/regen_1570/targeted_1589/hard_review_1495/out/attempt10/A/raw/hrt-001_b1.attempt1.proved.json	2918c1744704d2c70b0de7988f2fd662caa6889633ab3fdb0e5690ae80cd7672	1165	candidate
a4_recovery/regen_1570/targeted_1589/hard_review_1495/out/attempt10/A/raw/hrt-001_b2.attempt1.proved.json	4d292efe999b69f5b0daac3d16c408a051b3a19af8858ce2081e001001cbb957	923	candidate
a4_recovery/regen_1570/targeted_1589/hard_review_1495/out/attempt10/A/raw/hrt-002_b1.attempt1.proved.json	3e4c9944593785252b2693b8f0b52e5eed29f0222f023dd74d2ac52a92c397d0	922	candidate
a4_recovery/regen_1570/targeted_1589/hard_review_1495/out/attempt10/A/raw/hrt-002_b2.attempt1.proved.json	1d521dd590a95cd0d7d2ffae4ec5c8a952cac140a0b9eda6b1a0f27a7416244c	922	candidate
a4_recovery/regen_1570/targeted_1589/hard_review_1495/out/attempt10/A/raw/hrt-003_b1.attempt1.proved.json	bbc5140e7d06ede4b8d330da1a83e9ae84475d01c489fe6bf1729e024bc84023	957	candidate
a4_recovery/regen_1570/targeted_1589/hard_review_1495/out/attempt10/A/raw/hrt-003_b2.attempt1.proved.json	d162f3cd953cef379a495a19c597c2d39ade705504aaeb90f7df0d49ee350b9d	946	candidate
a4_recovery/regen_1570/targeted_1589/hard_review_1495/out/attempt10/A/raw/hrt-004_b1.attempt1.proved.json	06fa53b97e7e059df0fc76921c9854c105866dc40785619a70dfb93dc8f33999	936	candidate
a4_recovery/regen_1570/targeted_1589/hard_review_1495/out/attempt10/A/raw/hrt-004_b2.attempt1.proved.json	61ca8964370fc314ad5096132bb93b7ae650925766f3bc825640fd5a98254529	926	candidate
a4_recovery/regen_1570/targeted_1589/hard_review_1495/out/attempt10/A/raw/hrt-005_b1.attempt1.proved.json	b606d11f691c270a94de8370b1780ebbb70311750ccbcd93784daa22dcc2d324	935	candidate
a4_recovery/regen_1570/targeted_1589/hard_review_1495/out/attempt10/A/raw/hrt-005_b2.attempt1.proved.json	22ef493bda16e8ff67a3dc2aaec89bc53b2ec907700655fd2b3ad827784fa550	935	candidate
a4_recovery/regen_1570/targeted_1589/hard_review_1495/out/attempt10/A/raw/hrt-006_b1.attempt1.proved.json	b73eeff680d34cc58a8c0770d611b2d961a867ab037226e4c89a67b6f6f85125	976	candidate
a4_recovery/regen_1570/targeted_1589/hard_review_1495/out/attempt10/A/raw/hrt-006_b2.attempt1.proved.json	2736847d24d21c968ac8dc19dd1ef21a55d33eb0a7ba3d2530e151e803530c7d	993	candidate
a4_recovery/regen_1570/targeted_1589/hard_review_1495/out/attempt10/A/raw/hrt-007_b1.attempt1.proved.json	37fce62853308de88729b6b98eb0e2b186650e9397a577de6eb44780ba6c78cf	768	candidate
a4_recovery/regen_1570/targeted_1589/hard_review_1495/out/attempt10/A/raw/hrt-007_b2.attempt1.proved.json	d0044bda54369173235b97d099b68e97443e0caf0fe90881e98553b1f4fd55ae	953	candidate
a4_recovery/regen_1570/targeted_1589/hard_review_1495/out/attempt10/A/raw/hrt-008_b1.attempt1.proved.json	291ad87f05e5dbf71a5a5723e763123f497f631046a8ee904385d25b7d41d745	1945	candidate
a4_recovery/regen_1570/targeted_1589/hard_review_1495/out/attempt10/A/raw/hrt-008_b2.attempt1.proved.json	86aae1ab4094fbb95101f4269215627874346bc19c87c76ba143a6c39391dd0c	1821	candidate
a4_recovery/regen_1570/targeted_1589/hard_review_1495/out/attempt10/A/raw/hrt-009_b1.attempt1.proved.json	380b766efa6dab87d282d9632a98121d96ea57344a5e23abe2df42dc7cc8858b	922	candidate
a4_recovery/regen_1570/targeted_1589/hard_review_1495/out/attempt10/A/raw/hrt-009_b2.attempt1.proved.json	0d3c6d30b1acac9f6faa60484712d75c156ef4256d8e6b75994ec9793b282336	926	candidate
a4_recovery/regen_1570/targeted_1589/hard_review_1495/out/attempt10/A/raw/hrt-010_b1.attempt1.proved.json	00e22534faab5da7c5e16718a1187dcdfb4f525fa9982cc114ad780bb9167ec9	1066	candidate
a4_recovery/regen_1570/targeted_1589/hard_review_1495/out/attempt10/A/raw/hrt-010_b2.attempt1.proved.json	c1374b3b60fec6115d51ccaa180667b928a9c02eeda77031763ff1a36887399d	991	candidate
a4_recovery/regen_1570/targeted_1589/hard_review_1495/out/attempt10/A/raw/wf_233429a1-1e1.000.raw.json	37fce62853308de88729b6b98eb0e2b186650e9397a577de6eb44780ba6c78cf	768	candidate
a4_recovery/regen_1570/targeted_1589/hard_review_1495/out/attempt10/A/raw/wf_3356d35e-12b.000.raw.json	2736847d24d21c968ac8dc19dd1ef21a55d33eb0a7ba3d2530e151e803530c7d	993	candidate
a4_recovery/regen_1570/targeted_1589/hard_review_1495/out/attempt10/A/raw/wf_340dd5d1-db6.000.raw.json	9d3b7b94d3779f6cb7fe4ce9957c57cc75f271d391d77ba9b92f56b4fe4eed3e	988	candidate
a4_recovery/regen_1570/targeted_1589/hard_review_1495/out/attempt10/A/raw/wf_41d3923f-464.000.raw.json	0d3c6d30b1acac9f6faa60484712d75c156ef4256d8e6b75994ec9793b282336	926	candidate
a4_recovery/regen_1570/targeted_1589/hard_review_1495/out/attempt10/A/raw/wf_42dd6ad9-13a.000.raw.json	2918c1744704d2c70b0de7988f2fd662caa6889633ab3fdb0e5690ae80cd7672	1165	candidate
a4_recovery/regen_1570/targeted_1589/hard_review_1495/out/attempt10/A/raw/wf_4a7b93c1-da5.000.raw.json	86aae1ab4094fbb95101f4269215627874346bc19c87c76ba143a6c39391dd0c	1821	candidate
a4_recovery/regen_1570/targeted_1589/hard_review_1495/out/attempt10/A/raw/wf_545cfd27-62d.000.raw.json	00e22534faab5da7c5e16718a1187dcdfb4f525fa9982cc114ad780bb9167ec9	1066	candidate
a4_recovery/regen_1570/targeted_1589/hard_review_1495/out/attempt10/A/raw/wf_5d8a2d2c-cb0.000.raw.json	9d3b7b94d3779f6cb7fe4ce9957c57cc75f271d391d77ba9b92f56b4fe4eed3e	988	candidate
a4_recovery/regen_1570/targeted_1589/hard_review_1495/out/attempt10/A/raw/wf_72ffcf73-2a0.000.raw.json	bbc5140e7d06ede4b8d330da1a83e9ae84475d01c489fe6bf1729e024bc84023	957	candidate
a4_recovery/regen_1570/targeted_1589/hard_review_1495/out/attempt10/A/raw/wf_7dddfbae-895.000.raw.json	61ca8964370fc314ad5096132bb93b7ae650925766f3bc825640fd5a98254529	926	candidate
a4_recovery/regen_1570/targeted_1589/hard_review_1495/out/attempt10/A/raw/wf_91cb0595-0fe.000.raw.json	b73eeff680d34cc58a8c0770d611b2d961a867ab037226e4c89a67b6f6f85125	976	candidate
a4_recovery/regen_1570/targeted_1589/hard_review_1495/out/attempt10/A/raw/wf_a06ce974-67b.000.raw.json	b606d11f691c270a94de8370b1780ebbb70311750ccbcd93784daa22dcc2d324	935	candidate
a4_recovery/regen_1570/targeted_1589/hard_review_1495/out/attempt10/A/raw/wf_b21bad09-ed5.000.raw.json	1d521dd590a95cd0d7d2ffae4ec5c8a952cac140a0b9eda6b1a0f27a7416244c	922	candidate
a4_recovery/regen_1570/targeted_1589/hard_review_1495/out/attempt10/A/raw/wf_b72a5d6e-a75.000.raw.json	d162f3cd953cef379a495a19c597c2d39ade705504aaeb90f7df0d49ee350b9d	946	candidate
a4_recovery/regen_1570/targeted_1589/hard_review_1495/out/attempt10/A/raw/wf_ba54bf3a-dd7.000.raw.json	d0044bda54369173235b97d099b68e97443e0caf0fe90881e98553b1f4fd55ae	953	candidate
a4_recovery/regen_1570/targeted_1589/hard_review_1495/out/attempt10/A/raw/wf_be408d2c-6cc.000.raw.json	22ef493bda16e8ff67a3dc2aaec89bc53b2ec907700655fd2b3ad827784fa550	935	candidate
a4_recovery/regen_1570/targeted_1589/hard_review_1495/out/attempt10/A/raw/wf_d2cb53c6-57b.000.raw.json	3e4c9944593785252b2693b8f0b52e5eed29f0222f023dd74d2ac52a92c397d0	922	candidate
a4_recovery/regen_1570/targeted_1589/hard_review_1495/out/attempt10/A/raw/wf_d31f0037-971.000.raw.json	291ad87f05e5dbf71a5a5723e763123f497f631046a8ee904385d25b7d41d745	1945	candidate
a4_recovery/regen_1570/targeted_1589/hard_review_1495/out/attempt10/A/raw/wf_dd814327-41a.000.raw.json	4d292efe999b69f5b0daac3d16c408a051b3a19af8858ce2081e001001cbb957	923	candidate
a4_recovery/regen_1570/targeted_1589/hard_review_1495/out/attempt10/A/raw/wf_ebe77c5d-1fa.000.raw.json	380b766efa6dab87d282d9632a98121d96ea57344a5e23abe2df42dc7cc8858b	922	candidate
a4_recovery/regen_1570/targeted_1589/hard_review_1495/out/attempt10/A/raw/wf_f27057f3-c11.000.raw.json	c1374b3b60fec6115d51ccaa180667b928a9c02eeda77031763ff1a36887399d	991	candidate
a4_recovery/regen_1570/targeted_1589/hard_review_1495/out/attempt10/A/raw/wf_fc2b648d-3dc.000.raw.json	06fa53b97e7e059df0fc76921c9854c105866dc40785619a70dfb93dc8f33999	936	candidate
a4_recovery/regen_1570/targeted_1589/hard_review_1495/out/attempt10/A/raw_tree_canonical.json	9ff999246543b15342b47d33200f74a590eb789ce48af57b74df2626c3612755	95	candidate
a4_recovery/regen_1570/targeted_1589/hard_review_1495/out/attempt10/A/red.txt	0d89ca29146a433e5c414fff8e9d79eb89d5785388c9b02b5cb0ace0a2798cc8	263	candidate
a4_recovery/regen_1570/targeted_1589/hard_review_1495/out/attempt10/A/run.finalization.json	9490b80e038e76eda260102ab5273f3989066220f485e93cb2d9f53c9a34bd0a	3788	candidate
a4_recovery/regen_1570/targeted_1589/hard_review_1495/out/attempt10/A/run.receipt.json	a5077a0d79b0941e97cc1f322ce1d86ae203480f6aeea6ef484a66e3735bc9c2	7102	candidate
a4_recovery/regen_1570/targeted_1589/hard_review_1495/out/attempt10/A/targeted_binding.json	55f39a34a16f710a24b069105b9c439c1ba761b8f486cc0e582c78435488d9f8	3352	candidate
a4_recovery/regen_1570/targeted_1589/hard_review_1495/out/attempt10/A_adapter.txt	e6bcf3faa4f6682b4ac0ba51f3abc33afa4c7a0be32e47c0c0e61f0e275c9560	8698	candidate
a4_recovery/regen_1570/targeted_1589/hard_review_1495/out/attempt10/A_door_test.txt	2ab5bf1c418c4b50a82bb6d168950ab377ab0a377e4d5187213d9b176905f856	98	candidate
a4_recovery/regen_1570/targeted_1589/hard_review_1495/out/attempt10/A_tests.txt	5dcec12b144f82f870d26026866e0267acfa9e885565210cfdaeacf3779c3fd9	575	candidate
a4_recovery/regen_1570/targeted_1589/hard_review_1495/out/attempt10/B.sha	0cb0f5132bc2841db9c68f80547d3f6ec5704d8c01ca5ee28f46dbdabf29b9b0	5842	candidate
a4_recovery/regen_1570/targeted_1589/hard_review_1495/out/attempt10/B/CHECKS.tsv	d2759a3c94c695c11c83ea111607a7b4b872771512f7cef5ff86e15d0dc4b5ae	3413	candidate
a4_recovery/regen_1570/targeted_1589/hard_review_1495/out/attempt10/B/DEPENDENCIES.tsv	3258d276b873ef45fa4fabb9c4b288decf4874d743a8ab079737dbea11e4eabf	6311	candidate
a4_recovery/regen_1570/targeted_1589/hard_review_1495/out/attempt10/B/LAUNCHERS.tsv	37d86e4699ef5b34d31e84c543ec5bf7f3a10989c70a3746397e8bf94b6a4fdd	3574	candidate
a4_recovery/regen_1570/targeted_1589/hard_review_1495/out/attempt10/B/LIFECYCLE.txt	366cbc3f216b7d486ce6e59dc7f7d8677e73e719678c21e7fbdec5fb144394ce	1355	candidate
a4_recovery/regen_1570/targeted_1589/hard_review_1495/out/attempt10/B/OPENED.tsv	fbb3d31754b809fa19a62ec578cc598af37c3ea93d75e16d442cbefcb7859b30	566831	candidate
a4_recovery/regen_1570/targeted_1589/hard_review_1495/out/attempt10/B/PLACED.tsv	cf614e660e5fb391a7aaec353b85a9d633a827b9b29b2f773983b89d43727fd3	4235	candidate
a4_recovery/regen_1570/targeted_1589/hard_review_1495/out/attempt10/B/RESULT.txt	85262801bfdabc7572879cc2db8cb4fb363328070347501aa79c5ad5b2a0c410	6764	candidate
a4_recovery/regen_1570/targeted_1589/hard_review_1495/out/attempt10/B/STATES.tsv	4dd526dcbc7a6dd6126b5652e5dc00cbf72ee327cece2e1820cc128b05dc80b3	4219	candidate
a4_recovery/regen_1570/targeted_1589/hard_review_1495/out/attempt10/B/a7_budget_receipt_1492.json	5ffe791f3d7e4d1a29461b4d77c95e654ba3fe2114a1d1119c86fbfff2f2b68d	6322	candidate
a4_recovery/regen_1570/targeted_1589/hard_review_1495/out/attempt10/B/a7_budget_receipt_1493.json	20b74a65e6a776f038ad225f1094ab60a1d197f537d4b5a5184358a513964eac	6547	candidate
a4_recovery/regen_1570/targeted_1589/hard_review_1495/out/attempt10/B/hard_review.manifest.json	7570e63adead0cd5374a8cc30cac583cbd12d03b0cd6b484c331ffcd7a367a91	12953	candidate
a4_recovery/regen_1570/targeted_1589/hard_review_1495/out/attempt10/B/prompt_prefix_item.txt	216caccb6edeb327e16a40b0cb97e835986846cd51a87f2520d351980f94ee99	25351	candidate
a4_recovery/regen_1570/targeted_1589/hard_review_1495/out/attempt10/B/raw/hrt-000_b1.attempt1.proved.json	9d3b7b94d3779f6cb7fe4ce9957c57cc75f271d391d77ba9b92f56b4fe4eed3e	988	candidate
a4_recovery/regen_1570/targeted_1589/hard_review_1495/out/attempt10/B/raw/hrt-000_b2.attempt1.proved.json	9d3b7b94d3779f6cb7fe4ce9957c57cc75f271d391d77ba9b92f56b4fe4eed3e	988	candidate
a4_recovery/regen_1570/targeted_1589/hard_review_1495/out/attempt10/B/raw/hrt-001_b1.attempt1.proved.json	2918c1744704d2c70b0de7988f2fd662caa6889633ab3fdb0e5690ae80cd7672	1165	candidate
a4_recovery/regen_1570/targeted_1589/hard_review_1495/out/attempt10/B/raw/hrt-001_b2.attempt1.proved.json	4d292efe999b69f5b0daac3d16c408a051b3a19af8858ce2081e001001cbb957	923	candidate
a4_recovery/regen_1570/targeted_1589/hard_review_1495/out/attempt10/B/raw/hrt-002_b1.attempt1.proved.json	3e4c9944593785252b2693b8f0b52e5eed29f0222f023dd74d2ac52a92c397d0	922	candidate
a4_recovery/regen_1570/targeted_1589/hard_review_1495/out/attempt10/B/raw/hrt-002_b2.attempt1.proved.json	1d521dd590a95cd0d7d2ffae4ec5c8a952cac140a0b9eda6b1a0f27a7416244c	922	candidate
a4_recovery/regen_1570/targeted_1589/hard_review_1495/out/attempt10/B/raw/hrt-003_b1.attempt1.proved.json	bbc5140e7d06ede4b8d330da1a83e9ae84475d01c489fe6bf1729e024bc84023	957	candidate
a4_recovery/regen_1570/targeted_1589/hard_review_1495/out/attempt10/B/raw/hrt-003_b2.attempt1.proved.json	d162f3cd953cef379a495a19c597c2d39ade705504aaeb90f7df0d49ee350b9d	946	candidate
a4_recovery/regen_1570/targeted_1589/hard_review_1495/out/attempt10/B/raw/hrt-004_b1.attempt1.proved.json	06fa53b97e7e059df0fc76921c9854c105866dc40785619a70dfb93dc8f33999	936	candidate
a4_recovery/regen_1570/targeted_1589/hard_review_1495/out/attempt10/B/raw/hrt-004_b2.attempt1.proved.json	61ca8964370fc314ad5096132bb93b7ae650925766f3bc825640fd5a98254529	926	candidate
a4_recovery/regen_1570/targeted_1589/hard_review_1495/out/attempt10/B/raw/hrt-005_b1.attempt1.proved.json	b606d11f691c270a94de8370b1780ebbb70311750ccbcd93784daa22dcc2d324	935	candidate
a4_recovery/regen_1570/targeted_1589/hard_review_1495/out/attempt10/B/raw/hrt-005_b2.attempt1.proved.json	22ef493bda16e8ff67a3dc2aaec89bc53b2ec907700655fd2b3ad827784fa550	935	candidate
a4_recovery/regen_1570/targeted_1589/hard_review_1495/out/attempt10/B/raw/hrt-006_b1.attempt1.proved.json	b73eeff680d34cc58a8c0770d611b2d961a867ab037226e4c89a67b6f6f85125	976	candidate
a4_recovery/regen_1570/targeted_1589/hard_review_1495/out/attempt10/B/raw/hrt-006_b2.attempt1.proved.json	2736847d24d21c968ac8dc19dd1ef21a55d33eb0a7ba3d2530e151e803530c7d	993	candidate
a4_recovery/regen_1570/targeted_1589/hard_review_1495/out/attempt10/B/raw/hrt-007_b1.attempt1.proved.json	37fce62853308de88729b6b98eb0e2b186650e9397a577de6eb44780ba6c78cf	768	candidate
a4_recovery/regen_1570/targeted_1589/hard_review_1495/out/attempt10/B/raw/hrt-007_b2.attempt1.proved.json	d0044bda54369173235b97d099b68e97443e0caf0fe90881e98553b1f4fd55ae	953	candidate
a4_recovery/regen_1570/targeted_1589/hard_review_1495/out/attempt10/B/raw/hrt-008_b1.attempt1.proved.json	291ad87f05e5dbf71a5a5723e763123f497f631046a8ee904385d25b7d41d745	1945	candidate
a4_recovery/regen_1570/targeted_1589/hard_review_1495/out/attempt10/B/raw/hrt-008_b2.attempt1.proved.json	86aae1ab4094fbb95101f4269215627874346bc19c87c76ba143a6c39391dd0c	1821	candidate
a4_recovery/regen_1570/targeted_1589/hard_review_1495/out/attempt10/B/raw/hrt-009_b1.attempt1.proved.json	380b766efa6dab87d282d9632a98121d96ea57344a5e23abe2df42dc7cc8858b	922	candidate
a4_recovery/regen_1570/targeted_1589/hard_review_1495/out/attempt10/B/raw/hrt-009_b2.attempt1.proved.json	0d3c6d30b1acac9f6faa60484712d75c156ef4256d8e6b75994ec9793b282336	926	candidate
a4_recovery/regen_1570/targeted_1589/hard_review_1495/out/attempt10/B/raw/hrt-010_b1.attempt1.proved.json	00e22534faab5da7c5e16718a1187dcdfb4f525fa9982cc114ad780bb9167ec9	1066	candidate
a4_recovery/regen_1570/targeted_1589/hard_review_1495/out/attempt10/B/raw/hrt-010_b2.attempt1.proved.json	c1374b3b60fec6115d51ccaa180667b928a9c02eeda77031763ff1a36887399d	991	candidate
a4_recovery/regen_1570/targeted_1589/hard_review_1495/out/attempt10/B/raw/wf_233429a1-1e1.000.raw.json	37fce62853308de88729b6b98eb0e2b186650e9397a577de6eb44780ba6c78cf	768	candidate
a4_recovery/regen_1570/targeted_1589/hard_review_1495/out/attempt10/B/raw/wf_3356d35e-12b.000.raw.json	2736847d24d21c968ac8dc19dd1ef21a55d33eb0a7ba3d2530e151e803530c7d	993	candidate
a4_recovery/regen_1570/targeted_1589/hard_review_1495/out/attempt10/B/raw/wf_340dd5d1-db6.000.raw.json	9d3b7b94d3779f6cb7fe4ce9957c57cc75f271d391d77ba9b92f56b4fe4eed3e	988	candidate
a4_recovery/regen_1570/targeted_1589/hard_review_1495/out/attempt10/B/raw/wf_41d3923f-464.000.raw.json	0d3c6d30b1acac9f6faa60484712d75c156ef4256d8e6b75994ec9793b282336	926	candidate
a4_recovery/regen_1570/targeted_1589/hard_review_1495/out/attempt10/B/raw/wf_42dd6ad9-13a.000.raw.json	2918c1744704d2c70b0de7988f2fd662caa6889633ab3fdb0e5690ae80cd7672	1165	candidate
a4_recovery/regen_1570/targeted_1589/hard_review_1495/out/attempt10/B/raw/wf_4a7b93c1-da5.000.raw.json	86aae1ab4094fbb95101f4269215627874346bc19c87c76ba143a6c39391dd0c	1821	candidate
a4_recovery/regen_1570/targeted_1589/hard_review_1495/out/attempt10/B/raw/wf_545cfd27-62d.000.raw.json	00e22534faab5da7c5e16718a1187dcdfb4f525fa9982cc114ad780bb9167ec9	1066	candidate
a4_recovery/regen_1570/targeted_1589/hard_review_1495/out/attempt10/B/raw/wf_5d8a2d2c-cb0.000.raw.json	9d3b7b94d3779f6cb7fe4ce9957c57cc75f271d391d77ba9b92f56b4fe4eed3e	988	candidate
a4_recovery/regen_1570/targeted_1589/hard_review_1495/out/attempt10/B/raw/wf_72ffcf73-2a0.000.raw.json	bbc5140e7d06ede4b8d330da1a83e9ae84475d01c489fe6bf1729e024bc84023	957	candidate
a4_recovery/regen_1570/targeted_1589/hard_review_1495/out/attempt10/B/raw/wf_7dddfbae-895.000.raw.json	61ca8964370fc314ad5096132bb93b7ae650925766f3bc825640fd5a98254529	926	candidate
a4_recovery/regen_1570/targeted_1589/hard_review_1495/out/attempt10/B/raw/wf_91cb0595-0fe.000.raw.json	b73eeff680d34cc58a8c0770d611b2d961a867ab037226e4c89a67b6f6f85125	976	candidate
a4_recovery/regen_1570/targeted_1589/hard_review_1495/out/attempt10/B/raw/wf_a06ce974-67b.000.raw.json	b606d11f691c270a94de8370b1780ebbb70311750ccbcd93784daa22dcc2d324	935	candidate
a4_recovery/regen_1570/targeted_1589/hard_review_1495/out/attempt10/B/raw/wf_b21bad09-ed5.000.raw.json	1d521dd590a95cd0d7d2ffae4ec5c8a952cac140a0b9eda6b1a0f27a7416244c	922	candidate
a4_recovery/regen_1570/targeted_1589/hard_review_1495/out/attempt10/B/raw/wf_b72a5d6e-a75.000.raw.json	d162f3cd953cef379a495a19c597c2d39ade705504aaeb90f7df0d49ee350b9d	946	candidate
a4_recovery/regen_1570/targeted_1589/hard_review_1495/out/attempt10/B/raw/wf_ba54bf3a-dd7.000.raw.json	d0044bda54369173235b97d099b68e97443e0caf0fe90881e98553b1f4fd55ae	953	candidate
a4_recovery/regen_1570/targeted_1589/hard_review_1495/out/attempt10/B/raw/wf_be408d2c-6cc.000.raw.json	22ef493bda16e8ff67a3dc2aaec89bc53b2ec907700655fd2b3ad827784fa550	935	candidate
a4_recovery/regen_1570/targeted_1589/hard_review_1495/out/attempt10/B/raw/wf_d2cb53c6-57b.000.raw.json	3e4c9944593785252b2693b8f0b52e5eed29f0222f023dd74d2ac52a92c397d0	922	candidate
a4_recovery/regen_1570/targeted_1589/hard_review_1495/out/attempt10/B/raw/wf_d31f0037-971.000.raw.json	291ad87f05e5dbf71a5a5723e763123f497f631046a8ee904385d25b7d41d745	1945	candidate
a4_recovery/regen_1570/targeted_1589/hard_review_1495/out/attempt10/B/raw/wf_dd814327-41a.000.raw.json	4d292efe999b69f5b0daac3d16c408a051b3a19af8858ce2081e001001cbb957	923	candidate
a4_recovery/regen_1570/targeted_1589/hard_review_1495/out/attempt10/B/raw/wf_ebe77c5d-1fa.000.raw.json	380b766efa6dab87d282d9632a98121d96ea57344a5e23abe2df42dc7cc8858b	922	candidate
a4_recovery/regen_1570/targeted_1589/hard_review_1495/out/attempt10/B/raw/wf_f27057f3-c11.000.raw.json	c1374b3b60fec6115d51ccaa180667b928a9c02eeda77031763ff1a36887399d	991	candidate
a4_recovery/regen_1570/targeted_1589/hard_review_1495/out/attempt10/B/raw/wf_fc2b648d-3dc.000.raw.json	06fa53b97e7e059df0fc76921c9854c105866dc40785619a70dfb93dc8f33999	936	candidate
a4_recovery/regen_1570/targeted_1589/hard_review_1495/out/attempt10/B/raw_tree_canonical.json	9ff999246543b15342b47d33200f74a590eb789ce48af57b74df2626c3612755	95	candidate
a4_recovery/regen_1570/targeted_1589/hard_review_1495/out/attempt10/B/red.txt	0d89ca29146a433e5c414fff8e9d79eb89d5785388c9b02b5cb0ace0a2798cc8	263	candidate
a4_recovery/regen_1570/targeted_1589/hard_review_1495/out/attempt10/B/run.finalization.json	9490b80e038e76eda260102ab5273f3989066220f485e93cb2d9f53c9a34bd0a	3788	candidate
a4_recovery/regen_1570/targeted_1589/hard_review_1495/out/attempt10/B/run.receipt.json	a5077a0d79b0941e97cc1f322ce1d86ae203480f6aeea6ef484a66e3735bc9c2	7102	candidate
a4_recovery/regen_1570/targeted_1589/hard_review_1495/out/attempt10/B/targeted_binding.json	55f39a34a16f710a24b069105b9c439c1ba761b8f486cc0e582c78435488d9f8	3352	candidate
a4_recovery/regen_1570/targeted_1589/hard_review_1495/out/attempt10/B_adapter.txt	e6bcf3faa4f6682b4ac0ba51f3abc33afa4c7a0be32e47c0c0e61f0e275c9560	8698	candidate
a4_recovery/regen_1570/targeted_1589/hard_review_1495/out/attempt10/COMPARE.txt	2a837dcc08b277d1208ae95eeeae4a64afe0692d5cd535becdf1dd7f523de97f	10	candidate
a4_recovery/regen_1570/targeted_1589/hard_review_1495/out/attempt10_world_log.txt	4148ce692c4cd0acac9d986adbda541d8cec4283e6568e432ca693b80eb9b108	5196	candidate
a4_recovery/regen_1570/targeted_1589/hard_review_1495/pins_1608.json	642139408af519a0d7dab550045d577d9977ac044fe400ca269237e6a2ba86d9	2131	candidate
a4_recovery/regen_1570/targeted_1589/hard_review_1495/reconstruct_receipt_1493.py	944a2b48d03fd6a7c49f01b7788453f1edafb833645678ce8157f0eda5824943	3565	candidate
a4_recovery/regen_1570/targeted_1589/hard_review_1495/recover_hr_1495.py	5bdd32b85516b46ff835646d0392398d7bae4005333c2cd047afa7322ea09fe7	20297	candidate
a4_recovery/regen_1570/targeted_1589/hard_review_1495/run_hr_1495.sh	71003b24b127f39b40458ce58ebe44d50b636b62c3b63c9e0dc0bcbfba667192	4759	candidate
a4_recovery/regen_1570/targeted_1589/hard_review_1495/test_hr_1495.py	0b5e364f92c233b2573b425820820db2040b4588875d269c60639fcfaee15f96	8267	candidate
