a4_recovery/regen_1570/targeted_1589/targeted_run_1491/OWNER_DERIVATION.tsv	174ee662cddc1ab5b7d57293f5b76d40fa48dd6eed9fe311d943a0742a3b9ebf	352	provenance
a4_recovery/regen_1570/targeted_1589/targeted_run_1491/build_kfields_key_targeted.py	0c1f335077926603011ee78a9ca63315ad158147bcf714dac36f185b88ad6588	18720	candidate
a4_recovery/regen_1570/targeted_1589/targeted_run_1491/derive_owner_1491.py	8cb3ed66d1339d1ee1745302a0882274bf553fcdb73c22172a4d8bc611b6f320	3157	provenance
a4_recovery/regen_1570/targeted_1589/targeted_run_1491/inputs/EVIDENCE_CHECK.tsv	8070d33fd07b4f4e5608107a7c38ebf27d83ab8a45e020183c1d861bf5e1209c	629	candidate
a4_recovery/regen_1570/targeted_1589/targeted_run_1491/inputs/WORKFLOWS.tsv	b52fd429b0528a952198d92cf966e1dd596dd105ed27388eecae863a7760773a	2959	candidate
a4_recovery/regen_1570/targeted_1589/targeted_run_1491/inputs/binding_heredoc_82632.txt	e930c15fd31841c6ca648db8f0fd2548cd912007dbc3b85944fcaeaf7ecd183d	11258	provenance
a4_recovery/regen_1570/targeted_1589/targeted_run_1491/inputs/session_store/projects/-home-faisal-EventMarketDB/5ae9b86b-f0f6-4449-beee-9cac7cfa7200/subagents/workflows/wf_151dc0d0-21b/agent-a2071073eae1874e6.jsonl	6045235245397f817444c3756114ac54646942f41ca7815e0191ca26bf357597	117394	candidate
a4_recovery/regen_1570/targeted_1589/targeted_run_1491/inputs/session_store/projects/-home-faisal-EventMarketDB/5ae9b86b-f0f6-4449-beee-9cac7cfa7200/subagents/workflows/wf_151dc0d0-21b/agent-a2071073eae1874e6.meta.json	253ee425d7c8c9c669a71091847d268025052341a73951905e204d1870b8bc11	58	candidate
a4_recovery/regen_1570/targeted_1589/targeted_run_1491/inputs/session_store/projects/-home-faisal-EventMarketDB/5ae9b86b-f0f6-4449-beee-9cac7cfa7200/subagents/workflows/wf_151dc0d0-21b/journal.jsonl	c4dd81abab8765c1659b4f88705d8de9f8f1c1cc9ceda671473315e8003b4046	2924	candidate
a4_recovery/regen_1570/targeted_1589/targeted_run_1491/inputs/session_store/projects/-home-faisal-EventMarketDB/5ae9b86b-f0f6-4449-beee-9cac7cfa7200/subagents/workflows/wf_18711197-8f3/agent-acf12076aeea39107.jsonl	783d1a7e1d11ce226071517feee122cc61a12a5c3ba9aa9fe33953c8b099216b	100027	candidate
a4_recovery/regen_1570/targeted_1589/targeted_run_1491/inputs/session_store/projects/-home-faisal-EventMarketDB/5ae9b86b-f0f6-4449-beee-9cac7cfa7200/subagents/workflows/wf_18711197-8f3/agent-acf12076aeea39107.meta.json	253ee425d7c8c9c669a71091847d268025052341a73951905e204d1870b8bc11	58	candidate
a4_recovery/regen_1570/targeted_1589/targeted_run_1491/inputs/session_store/projects/-home-faisal-EventMarketDB/5ae9b86b-f0f6-4449-beee-9cac7cfa7200/subagents/workflows/wf_18711197-8f3/journal.jsonl	69546654d3d1cb2b2b4e1b2c5f2d4a2afb5b228657869d6ac7396c24af926963	2793	candidate
a4_recovery/regen_1570/targeted_1589/targeted_run_1491/inputs/session_store/projects/-home-faisal-EventMarketDB/5ae9b86b-f0f6-4449-beee-9cac7cfa7200/subagents/workflows/wf_1b219d0e-f6f/agent-ac7367affd12ee7a2.jsonl	e24bb3c899384cd74ba9c87760a7aad9e623a83141fc8eb165445e58ff53c43d	120722	candidate
a4_recovery/regen_1570/targeted_1589/targeted_run_1491/inputs/session_store/projects/-home-faisal-EventMarketDB/5ae9b86b-f0f6-4449-beee-9cac7cfa7200/subagents/workflows/wf_1b219d0e-f6f/agent-ac7367affd12ee7a2.meta.json	253ee425d7c8c9c669a71091847d268025052341a73951905e204d1870b8bc11	58	candidate
a4_recovery/regen_1570/targeted_1589/targeted_run_1491/inputs/session_store/projects/-home-faisal-EventMarketDB/5ae9b86b-f0f6-4449-beee-9cac7cfa7200/subagents/workflows/wf_1b219d0e-f6f/journal.jsonl	18e49a867e7d1a5b6b0cf0c12590c375d36ef4d228fa1fba07209395556720f2	3485	candidate
a4_recovery/regen_1570/targeted_1589/targeted_run_1491/inputs/session_store/projects/-home-faisal-EventMarketDB/5ae9b86b-f0f6-4449-beee-9cac7cfa7200/subagents/workflows/wf_4d457126-2c2/agent-ae7130aa897f077da.jsonl	3c9a93dbcb8a667c5cb2fbe90379ee7196064a095276c02ee6bc63db987809bc	107004	candidate
a4_recovery/regen_1570/targeted_1589/targeted_run_1491/inputs/session_store/projects/-home-faisal-EventMarketDB/5ae9b86b-f0f6-4449-beee-9cac7cfa7200/subagents/workflows/wf_4d457126-2c2/agent-ae7130aa897f077da.meta.json	253ee425d7c8c9c669a71091847d268025052341a73951905e204d1870b8bc11	58	candidate
a4_recovery/regen_1570/targeted_1589/targeted_run_1491/inputs/session_store/projects/-home-faisal-EventMarketDB/5ae9b86b-f0f6-4449-beee-9cac7cfa7200/subagents/workflows/wf_4d457126-2c2/journal.jsonl	6d74b2e77423d0f7bb4424ea1acbd49454f3a53f7bb3760792cd5668a6e6d3eb	2574	candidate
a4_recovery/regen_1570/targeted_1589/targeted_run_1491/inputs/session_store/projects/-home-faisal-EventMarketDB/5ae9b86b-f0f6-4449-beee-9cac7cfa7200/subagents/workflows/wf_6190a18b-6dc/agent-a32dbee14c02baab9.jsonl	a28613f9406cdc27137cc5cf6e666148ccafa6f93f947660b6604f23e728a5f7	120500	candidate
a4_recovery/regen_1570/targeted_1589/targeted_run_1491/inputs/session_store/projects/-home-faisal-EventMarketDB/5ae9b86b-f0f6-4449-beee-9cac7cfa7200/subagents/workflows/wf_6190a18b-6dc/agent-a32dbee14c02baab9.meta.json	253ee425d7c8c9c669a71091847d268025052341a73951905e204d1870b8bc11	58	candidate
a4_recovery/regen_1570/targeted_1589/targeted_run_1491/inputs/session_store/projects/-home-faisal-EventMarketDB/5ae9b86b-f0f6-4449-beee-9cac7cfa7200/subagents/workflows/wf_6190a18b-6dc/journal.jsonl	097c0104ea20dca0618e56280f2dd082d03e2f51900d41f1957b78541253cb63	3104	candidate
a4_recovery/regen_1570/targeted_1589/targeted_run_1491/inputs/session_store/projects/-home-faisal-EventMarketDB/5ae9b86b-f0f6-4449-beee-9cac7cfa7200/subagents/workflows/wf_816056b1-7d0/agent-aad3f3c7aacab5ee3.jsonl	cff92f1271a3a0bb60a067584ea93cdcda3152bd98c1d7182d545d23479b695b	156987	candidate
a4_recovery/regen_1570/targeted_1589/targeted_run_1491/inputs/session_store/projects/-home-faisal-EventMarketDB/5ae9b86b-f0f6-4449-beee-9cac7cfa7200/subagents/workflows/wf_816056b1-7d0/agent-aad3f3c7aacab5ee3.meta.json	253ee425d7c8c9c669a71091847d268025052341a73951905e204d1870b8bc11	58	candidate
a4_recovery/regen_1570/targeted_1589/targeted_run_1491/inputs/session_store/projects/-home-faisal-EventMarketDB/5ae9b86b-f0f6-4449-beee-9cac7cfa7200/subagents/workflows/wf_816056b1-7d0/journal.jsonl	b0dbd788454e9e2a3a41c499570d73adb9fb49ea0dd73becd4e463e3e9f2deb3	3758	candidate
a4_recovery/regen_1570/targeted_1589/targeted_run_1491/inputs/session_store/projects/-home-faisal-EventMarketDB/5ae9b86b-f0f6-4449-beee-9cac7cfa7200/subagents/workflows/wf_9b565634-84f/agent-a651aee73ff5b867e.jsonl	3f613f9cfd9a46ebce235b3fe9da06044c7838ad1ba6567af5d0c6f4ff805060	130132	candidate
a4_recovery/regen_1570/targeted_1589/targeted_run_1491/inputs/session_store/projects/-home-faisal-EventMarketDB/5ae9b86b-f0f6-4449-beee-9cac7cfa7200/subagents/workflows/wf_9b565634-84f/agent-a651aee73ff5b867e.meta.json	253ee425d7c8c9c669a71091847d268025052341a73951905e204d1870b8bc11	58	candidate
a4_recovery/regen_1570/targeted_1589/targeted_run_1491/inputs/session_store/projects/-home-faisal-EventMarketDB/5ae9b86b-f0f6-4449-beee-9cac7cfa7200/subagents/workflows/wf_9b565634-84f/journal.jsonl	c374eb5e5220ad9515ba7118c59cba2493315f49bfb909390caba61817b65a3c	4465	candidate
a4_recovery/regen_1570/targeted_1589/targeted_run_1491/inputs/session_store/projects/-home-faisal-EventMarketDB/5ae9b86b-f0f6-4449-beee-9cac7cfa7200/subagents/workflows/wf_b2e9766c-4b3/agent-a5c71b5b0876409c4.jsonl	dfdf1e1fb55581c789c0cce9af098fd90ec72dfac09cabb0098ffd45e573cc16	126335	candidate
a4_recovery/regen_1570/targeted_1589/targeted_run_1491/inputs/session_store/projects/-home-faisal-EventMarketDB/5ae9b86b-f0f6-4449-beee-9cac7cfa7200/subagents/workflows/wf_b2e9766c-4b3/agent-a5c71b5b0876409c4.meta.json	253ee425d7c8c9c669a71091847d268025052341a73951905e204d1870b8bc11	58	candidate
a4_recovery/regen_1570/targeted_1589/targeted_run_1491/inputs/session_store/projects/-home-faisal-EventMarketDB/5ae9b86b-f0f6-4449-beee-9cac7cfa7200/subagents/workflows/wf_b2e9766c-4b3/journal.jsonl	07db38647f0613424ce533ac50c0bafa7eeacd3c73d22bbd317b9dae4922ca48	3778	candidate
a4_recovery/regen_1570/targeted_1589/targeted_run_1491/inputs/session_store/projects/-home-faisal-EventMarketDB/5ae9b86b-f0f6-4449-beee-9cac7cfa7200/subagents/workflows/wf_cbc7405a-c2d/agent-a8700e28a3601a175.jsonl	d0dd53cdae7b8d4c71b7a111189b560dea80229c3560e4b2d3ac7fd1072be41e	187831	candidate
a4_recovery/regen_1570/targeted_1589/targeted_run_1491/inputs/session_store/projects/-home-faisal-EventMarketDB/5ae9b86b-f0f6-4449-beee-9cac7cfa7200/subagents/workflows/wf_cbc7405a-c2d/agent-a8700e28a3601a175.meta.json	253ee425d7c8c9c669a71091847d268025052341a73951905e204d1870b8bc11	58	candidate
a4_recovery/regen_1570/targeted_1589/targeted_run_1491/inputs/session_store/projects/-home-faisal-EventMarketDB/5ae9b86b-f0f6-4449-beee-9cac7cfa7200/subagents/workflows/wf_cbc7405a-c2d/journal.jsonl	b066f3a94f79bf2c94b271c2ecabb6373c9b6b749e3937120bb81e07a99cac36	4344	candidate
a4_recovery/regen_1570/targeted_1589/targeted_run_1491/inputs/session_store/projects/-home-faisal-EventMarketDB/5ae9b86b-f0f6-4449-beee-9cac7cfa7200/subagents/workflows/wf_d5a9c34a-271/agent-a49307e3a7cf393bc.jsonl	77aaf99da197b96e39a42e968b170c4c50544a1417b28652139e26390e35db14	218821	candidate
a4_recovery/regen_1570/targeted_1589/targeted_run_1491/inputs/session_store/projects/-home-faisal-EventMarketDB/5ae9b86b-f0f6-4449-beee-9cac7cfa7200/subagents/workflows/wf_d5a9c34a-271/agent-a49307e3a7cf393bc.meta.json	253ee425d7c8c9c669a71091847d268025052341a73951905e204d1870b8bc11	58	candidate
a4_recovery/regen_1570/targeted_1589/targeted_run_1491/inputs/session_store/projects/-home-faisal-EventMarketDB/5ae9b86b-f0f6-4449-beee-9cac7cfa7200/subagents/workflows/wf_d5a9c34a-271/journal.jsonl	b45140ac96d8b806a801465f82dc98fa471afe3da5badd3c1bf4316d5b182dbe	5537	candidate
a4_recovery/regen_1570/targeted_1589/targeted_run_1491/inputs/session_store/projects/-home-faisal-EventMarketDB/5ae9b86b-f0f6-4449-beee-9cac7cfa7200/subagents/workflows/wf_f9443ff9-759/agent-afb8ca33f1e90312d.jsonl	4bd838b7b81774db22d596c3351c19cfd2d7e6a43f54b73ae3e672dd9abfffc7	101424	candidate
a4_recovery/regen_1570/targeted_1589/targeted_run_1491/inputs/session_store/projects/-home-faisal-EventMarketDB/5ae9b86b-f0f6-4449-beee-9cac7cfa7200/subagents/workflows/wf_f9443ff9-759/agent-afb8ca33f1e90312d.meta.json	253ee425d7c8c9c669a71091847d268025052341a73951905e204d1870b8bc11	58	candidate
a4_recovery/regen_1570/targeted_1589/targeted_run_1491/inputs/session_store/projects/-home-faisal-EventMarketDB/5ae9b86b-f0f6-4449-beee-9cac7cfa7200/subagents/workflows/wf_f9443ff9-759/journal.jsonl	7b7856f6ede22b9607ca480e1fb43fad462b189375333908dfc34f0709fc2116	2375	candidate
a4_recovery/regen_1570/targeted_1589/targeted_run_1491/inputs/session_store/projects/-home-faisal-EventMarketDB/5ae9b86b-f0f6-4449-beee-9cac7cfa7200/subagents/workflows/wf_ff9f0be4-1c4/agent-a0a33640ee55e900f.jsonl	286bf3fac4fc214b363b2d2419519bbaccba62506d64462ba651338435841f0a	99705	candidate
a4_recovery/regen_1570/targeted_1589/targeted_run_1491/inputs/session_store/projects/-home-faisal-EventMarketDB/5ae9b86b-f0f6-4449-beee-9cac7cfa7200/subagents/workflows/wf_ff9f0be4-1c4/agent-a0a33640ee55e900f.meta.json	253ee425d7c8c9c669a71091847d268025052341a73951905e204d1870b8bc11	58	candidate
a4_recovery/regen_1570/targeted_1589/targeted_run_1491/inputs/session_store/projects/-home-faisal-EventMarketDB/5ae9b86b-f0f6-4449-beee-9cac7cfa7200/subagents/workflows/wf_ff9f0be4-1c4/journal.jsonl	0c3a69c81180d5475de0ebbec58a4665e49f83b21a9ecb0624d63dabbbe8cfb4	2835	candidate
a4_recovery/regen_1570/targeted_1589/targeted_run_1491/inputs/session_store/projects/-home-faisal-EventMarketDB/5ae9b86b-f0f6-4449-beee-9cac7cfa7200/workflows/wf_151dc0d0-21b.json	d0172aeac400bb3addbdd9e280c7020aed41843e66bc0345df1d0e7c8fd473a9	83411	candidate
a4_recovery/regen_1570/targeted_1589/targeted_run_1491/inputs/session_store/projects/-home-faisal-EventMarketDB/5ae9b86b-f0f6-4449-beee-9cac7cfa7200/workflows/wf_18711197-8f3.json	d6327d97282e15bd66848d07e27503706d0078d1116987e463cbadae5ff73fa2	81772	candidate
a4_recovery/regen_1570/targeted_1589/targeted_run_1491/inputs/session_store/projects/-home-faisal-EventMarketDB/5ae9b86b-f0f6-4449-beee-9cac7cfa7200/workflows/wf_1b219d0e-f6f.json	f060f573a94006136b3a5305ddb4ba53b04892c7ea3836ca8a71c76b5678cfe6	81381	candidate
a4_recovery/regen_1570/targeted_1589/targeted_run_1491/inputs/session_store/projects/-home-faisal-EventMarketDB/5ae9b86b-f0f6-4449-beee-9cac7cfa7200/workflows/wf_4d457126-2c2.json	11db849afa016ac926751245177a1c46a4ceddbcd706b8cfa23ad79c4229aa25	81169	candidate
a4_recovery/regen_1570/targeted_1589/targeted_run_1491/inputs/session_store/projects/-home-faisal-EventMarketDB/5ae9b86b-f0f6-4449-beee-9cac7cfa7200/workflows/wf_6190a18b-6dc.json	f8de61f1b213996d9920c62adf6093103c1cf5644c88e970becddc499029216a	79470	candidate
a4_recovery/regen_1570/targeted_1589/targeted_run_1491/inputs/session_store/projects/-home-faisal-EventMarketDB/5ae9b86b-f0f6-4449-beee-9cac7cfa7200/workflows/wf_816056b1-7d0.json	f6286813dbbde7104d6736687193f1ea439facb42a6ea1cfc0aad1c0f60f5644	88886	candidate
a4_recovery/regen_1570/targeted_1589/targeted_run_1491/inputs/session_store/projects/-home-faisal-EventMarketDB/5ae9b86b-f0f6-4449-beee-9cac7cfa7200/workflows/wf_9b565634-84f.json	5b6934c4d752c8ca8ffbaa8ba5e3a8bd5d06b5e44b5ed99c3afad6ec16af865e	89533	candidate
a4_recovery/regen_1570/targeted_1589/targeted_run_1491/inputs/session_store/projects/-home-faisal-EventMarketDB/5ae9b86b-f0f6-4449-beee-9cac7cfa7200/workflows/wf_b2e9766c-4b3.json	cbf776c219318e1f3f6dfb132034cf30e91020e9f68cc2ab9c41a2cb433f3acb	65054	candidate
a4_recovery/regen_1570/targeted_1589/targeted_run_1491/inputs/session_store/projects/-home-faisal-EventMarketDB/5ae9b86b-f0f6-4449-beee-9cac7cfa7200/workflows/wf_cbc7405a-c2d.json	e3736cce3b4f6fbc9def79d3979c2ab274f06296ae9f3fe989f7e30cad9a6848	89417	candidate
a4_recovery/regen_1570/targeted_1589/targeted_run_1491/inputs/session_store/projects/-home-faisal-EventMarketDB/5ae9b86b-f0f6-4449-beee-9cac7cfa7200/workflows/wf_d5a9c34a-271.json	2539d21c0c3e4a199a54703bc859d8677f434e9fb542a29c190d4089405b12f0	146593	candidate
a4_recovery/regen_1570/targeted_1589/targeted_run_1491/inputs/session_store/projects/-home-faisal-EventMarketDB/5ae9b86b-f0f6-4449-beee-9cac7cfa7200/workflows/wf_f9443ff9-759.json	fa7b71b9719c2ab1f6641d1a7cd5109c6ebefa0d6a684c7a27075bb16dcf1204	69611	candidate
a4_recovery/regen_1570/targeted_1589/targeted_run_1491/inputs/session_store/projects/-home-faisal-EventMarketDB/5ae9b86b-f0f6-4449-beee-9cac7cfa7200/workflows/wf_ff9f0be4-1c4.json	01776d7e67887b5414f337e6a096f642ffa00b52f2e6b652635cb3597c7803b3	59463	candidate
a4_recovery/regen_1570/targeted_1589/targeted_run_1491/pins_1601.json	126eb59c415570fef82d393ad665b21fccc7db875b77732e1bfc0775d2d20cda	901	candidate
a4_recovery/regen_1570/targeted_1589/targeted_run_1491/recover_run_1491.py	b40e52c64b69959a215cf1197b972def76534414cd61cd8ea9089d6fbf08b98b	15880	candidate
a4_recovery/regen_1570/targeted_1589/targeted_run_1491/run_1491.sh	5907a92cfb661fa3b94452f222a39e3e8e301d2c075c4f242dcb34da91062a23	4265	candidate
a4_recovery/regen_1570/targeted_1589/targeted_run_1491/test_run_1491.py	bba5c5d113a58bbd04dffd671476d449d18647c57bc32f9d5e1282cab05ec369	13604	candidate
