file	step	transcript_line	timestamp	count	sha256	bytes
build_kfields_hard_review_targeted.py	base	-	-	-	-	0
build_kfields_hard_review_targeted.py	write	82323	2026-08-28T10:04:18.217Z	1	74ee1e7a5eccca831fe3e36e6cedb0b663756d84a2055df94faee1cb50d8688b	6968
build_kfields_hard_review_targeted.py	patch	82394	2026-08-28T10:13:40.479Z	1	e4344436c244c82b0b0ae3658c86dae5353bf362baa6d118200919120ade76bd	7128
build_kfields_hard_review_targeted.py	patch	82632	2026-08-28T10:47:53.781Z	3	936ef4a270910b9cca7cafc9fc6f3296ad610406195f125187753417cf10f12a	6832
test_a4_targeted_accounting_1492.py	base	-	-	-	-	0
test_a4_targeted_accounting_1492.py	write	82226	2026-08-28T09:56:41.510Z	1	14ccafb85306054e5c665e930a29058ebb188440cc801484e1c2b5f83d2e053e	7044
test_a4_targeted_accounting_1492.py	block	82343	2026-08-28T10:06:23.097Z	7	909f34b7b44b6bd34eec651d6a2d355796d26abc28c59bab9ee33ce3bd61dd09	7690
test_a4_targeted_accounting_1492.py	append	82625	2026-08-28T10:46:34.393Z	1	2e4f76833c60759145309fa9a1303f96985125cb93370787573c85b436af68e8	11756
test_a4_targeted_accounting_1492.py	block	82654	2026-08-28T10:51:55.787Z	9	9817c81313bef9bfc546f4af33a44642d69ed7d5b8d415f4efc41e07157d2861	12691
test_a4_targeted_accounting_1492.py	block	82744	2026-08-28T11:05:59.393Z	8	342d52e441c8ac571883a2a0b18717a960d47d97fce2a591210c82975efc466b	13612
test_a4_hard_review_targeted_1492.py	base	-	-	-	-	0
test_a4_hard_review_targeted_1492.py	write	82258	2026-08-28T09:58:39.416Z	1	6d8cc114e5e89d1d0a2e165bbdc7f5782e730ccd0821b3dad14f5ea17df4bde2	17349
test_a4_hard_review_targeted_1492.py	block	82369	2026-08-28T10:09:50.735Z	6	d682d90740df4f06c06feebfa6c7c476891c8dac0f751e6484acb301edc0fec4	17282
test_a4_hard_review_targeted_1492.py	block	82378	2026-08-28T10:10:26.927Z	7	439981b7444f6075ec8c65abd7220201d4cb32909ad63eca9f378221e9eee4a4	18015
test_a4_hard_review_targeted_1492.py	patch	82394	2026-08-28T10:13:40.479Z	1	2b8f7aa0119732a6efca974d06ecc7b27e82140c775820578bb8416424068dbd	18229
test_a4_hard_review_targeted_1492.py	block	82645	2026-08-28T10:48:27.068Z	7	20c6f7afb96aeed67629f4124db765c6559077ef8018d537d125822f45313b81	18373
test_a4_hard_review_targeted_1492.py	block	82654	2026-08-28T10:51:55.787Z	7	f8fff528488e8c48ead57ad7a353f8ff924a04003189d7a343eb8770d1d043dc	18617
a6_launch_freeze.py	base	-	-	-	-	0
a6_launch_freeze.py	cat	55324	2026-08-23T22:08:14.905Z	1	942faadc6e791bcbdcf0a0490f1dab7f31cbd324efa379ed910999192f7f6bb7	2837
a6_launch_freeze.py	append	55327	2026-08-23T22:08:44.781Z	1	72eaf5b93e1c16ef36aa8b527fd9a7a9dd79941725c29257b6aada8c5822d072	8452
a6_launch_freeze.py	append	55336	2026-08-23T22:09:13.484Z	1	82359575792bcf8082c0281c0abcced8a6aae2bf4c539ae7f0d65896065dfdda	12879
a6_launch_freeze.py	append	55339	2026-08-23T22:09:37.844Z	1	8744074c694c35b83fc7c29d8faaeceb6aa9382de130fbcad8d58fa4f7588d74	15774
a6_launch_freeze.py	block	55345	2026-08-23T22:10:00.619Z	12	bf82339907b97bb781d1f5bd47c95d42468527fb96ee56d320c1c70f36843848	15877
a6_launch_freeze.py	block	72690	2026-08-25T20:59:26.227Z	6	ac79b87d079ba544986c0486837806b49aa78f56c79fbc63702cc465b5d3a2c7	16050
a6_launch_freeze.py	block	73797	2026-08-26T00:31:56.469Z	9	aafd8748723d14287825315a035b76c9b711dcee396321af52409bb72ce22c3f	17858
a6_launch_freeze.py	block	74049	2026-08-26T01:42:17.173Z	6	e152844cf49a1116103bc96b85ec9e61c9764d68f48aa8ef7ddc01a4b4541eca	18538
a6_launch_freeze.py	block	74070	2026-08-26T01:43:08.838Z	6	9b2914cf9b0a4499f953fb9abadcddc1311e8e4dba1cbb985b9bc5f4e8c8b463	18617
a6_launch_freeze.py	block	74370	2026-08-26T03:00:51.273Z	7	7cf14c01af0ee70701db61640f54f979c4b11e806acdf47586ba33e509a51fcf	20953
a6_launch_freeze.py	block	74380	2026-08-26T03:01:29.723Z	7	0da1c9588eb1df2b3013336133f950d1b47e65c7b915cafbe6bdf73476e5cc10	20876
a6_launch_freeze.py	block	74645	2026-08-26T07:10:42.938Z	9	18c61cd67089fc172a6298f64685a99afa9ffac8a58c79ad05a5ac89300de27d	21579
a6_launch_freeze.py	block	74848	2026-08-26T09:58:33.374Z	9	5f1bf8bf0a6b0d7c88a99a78e67dc27a2ce3366ae434639b773832d396e2f7c5	21145
a6_launch_freeze.py	block	74873	2026-08-26T09:59:47.325Z	6	a47b24f920d30ad638fb468023f386a599d6c28144ab4191f75bc97bd0a1748e	21492
a6_launch_freeze.py	block	74935	2026-08-26T10:05:55.387Z	9	1862c9662e163c982e4c686d6d5fd95c6ebc95bc7ee29915fe7fa52723df3359	21546
a6_launch_freeze.py	block	74940	2026-08-26T10:06:18.773Z	6	30f2e2a2b9e756d5b76361a1317bf027d397245ce53a96c07bb47564e581f547	21886
a6_launch_freeze.py	block	75104	2026-08-26T10:36:23.955Z	6	eb74689687c5835786084791211139cf80ffe959f82a001957af439c7c531aca	26711
a6_launch_freeze.py	block	75112	2026-08-26T10:36:52.241Z	6	6258e82a52e5651bf592fa0c1d32901826edf5507b70f0f43ce3e8197c1c3858	26552
a6_launch_freeze.py	block	75130	2026-08-26T10:38:06.199Z	6	1250c47f29ee9725e7313d95d8e0ad19666bc8ba98767cacec5311f46b5202f5	26988
a6_launch_freeze.py	edit	77826	2026-08-27T01:01:40.302Z	1	1fd403312e32a48a2c06a3e96efac9f120e4ff06d79a30c9e2680626dcf7ab62	27544
a6_launch_freeze.py	edit	77829	2026-08-27T01:01:52.309Z	1	5e008a44c7f278aad902397d8cfcd57a17c4dff782d423d3edffd176a6974ef3	28428
a6_launch_freeze.py	edit	78350	2026-08-27T11:30:21.211Z	1	c71b5d727950c5e354bf19eb963fc9055a1510e125c883cf5b99801b655c7a99	28638
a6_launch_freeze.py	block	80546	2026-08-28T00:32:04.828Z	9	8f3e7a156e64b778e1124a57a52bc5a6d6055b92f5edf9345c14e9730a8546f8	29255
a6_launch_freeze.py	patch	82289	2026-08-28T09:59:40.423Z	2	8f2d099947ea03963444925d467017936b9abc637d98aace4792e7039d48b890	30166
budget_receipt_1487.py	base	-	-	-	-	0
budget_receipt_1487.py	write	79109	2026-08-27T16:24:58.114Z	1	dec5bbcab742e3f34acf043149dd58605769c2a86a820bfd05eb5c72905dddaa	6679
budget_receipt_1487.py	py	79164	2026-08-27T16:26:45.669Z	7	020c18e87d2002c85661398d0b5a3ee82d9392f7cc4212d28ee3452120b4d19a	6708
budget_receipt_1487.py	py	79355	2026-08-27T16:53:58.279Z	19	020c18e87d2002c85661398d0b5a3ee82d9392f7cc4212d28ee3452120b4d19a	6708
budget_receipt_1488.py	base	-	-	-	-	0
budget_receipt_1488.py	sblock:budget_receipt_1487.py	79355	2026-08-27T16:53:58.279Z	18	af4728c4e4b8f07593d4b0d338163afd503c1a12e7add91a3ef8fce7294a2740	7171
budget_receipt_1492.py	base	-	-	-	-	0
budget_receipt_1492.py	sblock:budget_receipt_1488.py	82303	2026-08-28T10:01:21.229Z	9	55aaa2d7d469123a3f90aa9b618bc49f839410ecf45370125a8094856093b9df	7127
budget_receipt_1493.py	base	-	-	-	-	0
budget_receipt_1493.py	sblock:budget_receipt_1492.py	82632	2026-08-28T10:47:53.781Z	6	efe1005f1eb48073645c379043c1f6413b49371fc2bf7ed6e22a936e2cbf5fb9	7200
