wf	packet	state	journal	tree
wf_1b219d0e-f6f	0000006201-26-000031#001	OK	OK	OK
wf_4d457126-2c2	0000006201-26-000031#006	OK	OK	OK
wf_18711197-8f3	0000006201-26-000031#008	OK	OK	OK
wf_6190a18b-6dc	0000027904-26-000022#029	OK	OK	OK
wf_151dc0d0-21b	0000092380-26-000044#042	OK	OK	OK
wf_b2e9766c-4b3	0000940944-26-000005#065	OK	OK	OK
wf_816056b1-7d0	0000940944-26-000009#068	OK	OK	OK
wf_9b565634-84f	0000940944-26-000009#072	OK	OK	OK
wf_d5a9c34a-271	0001041061-25-000109#075	OK	OK	OK
wf_f9443ff9-759	0001104659-26-027061#115	OK	OK	OK
wf_ff9f0be4-1c4	0001171843-26-001288#133	OK	OK	OK
wf_cbc7405a-c2d	0000940944-26-000009#072	OK	OK	OK
