order	attempt	packet_id	wf	state_sha256	journal_sha256	tree_sha256
01	1	0000006201-26-000031#001	wf_1b219d0e-f6f	f060f573a94006136b3a5305ddb4ba53b04892c7ea3836ca8a71c76b5678cfe6	18e49a867e7d1a5b6b0cf0c12590c375d36ef4d228fa1fba07209395556720f2	3faaafb188ae3e89bf53701c023bacbfe6c086bab8e7d46e7053c398c7d6d143
02	1	0000006201-26-000031#006	wf_4d457126-2c2	11db849afa016ac926751245177a1c46a4ceddbcd706b8cfa23ad79c4229aa25	6d74b2e77423d0f7bb4424ea1acbd49454f3a53f7bb3760792cd5668a6e6d3eb	d601ceb5fcb060868bc4b00d1634436bfb6f5d2983b284034a74ddcda6dd99cc
03	1	0000006201-26-000031#008	wf_18711197-8f3	d6327d97282e15bd66848d07e27503706d0078d1116987e463cbadae5ff73fa2	69546654d3d1cb2b2b4e1b2c5f2d4a2afb5b228657869d6ac7396c24af926963	a5fb36cac43f26ec6b92e628b915e6d145a177de5ca951f7e1172b31673a40de
04	1	0000027904-26-000022#029	wf_6190a18b-6dc	f8de61f1b213996d9920c62adf6093103c1cf5644c88e970becddc499029216a	097c0104ea20dca0618e56280f2dd082d03e2f51900d41f1957b78541253cb63	87efeccf1fb88424b2125e545f3332cc2f3fa87588faf74012fcb6a5c5f23004
05	1	0000092380-26-000044#042	wf_151dc0d0-21b	d0172aeac400bb3addbdd9e280c7020aed41843e66bc0345df1d0e7c8fd473a9	c4dd81abab8765c1659b4f88705d8de9f8f1c1cc9ceda671473315e8003b4046	8190db5d602c426ac36dbe373cc2512223eeb0dbb8a8f44152196106ccf4358b
06	1	0000940944-26-000005#065	wf_b2e9766c-4b3	cbf776c219318e1f3f6dfb132034cf30e91020e9f68cc2ab9c41a2cb433f3acb	07db38647f0613424ce533ac50c0bafa7eeacd3c73d22bbd317b9dae4922ca48	35c3dd6452c9cc11ce31d6fdb1ca7989bddc82f5b27c5abf2503b5e34a2c2f4e
07	1	0000940944-26-000009#068	wf_816056b1-7d0	f6286813dbbde7104d6736687193f1ea439facb42a6ea1cfc0aad1c0f60f5644	b0dbd788454e9e2a3a41c499570d73adb9fb49ea0dd73becd4e463e3e9f2deb3	dc16da45dce61f907a618cb011c711761aaa3c9411faaaf241375c5562b15c33
08	1	0000940944-26-000009#072	wf_9b565634-84f	5b6934c4d752c8ca8ffbaa8ba5e3a8bd5d06b5e44b5ed99c3afad6ec16af865e	c374eb5e5220ad9515ba7118c59cba2493315f49bfb909390caba61817b65a3c	6bc40f499051260e8dadd3bf80bfbdd9c6214138a4bd307b852c0ee3d0732cad
09	1	0001041061-25-000109#075	wf_d5a9c34a-271	2539d21c0c3e4a199a54703bc859d8677f434e9fb542a29c190d4089405b12f0	b45140ac96d8b806a801465f82dc98fa471afe3da5badd3c1bf4316d5b182dbe	e37cca261aa5b0fe71815b6fd62e47b1d406b74707bfbab85731ceef1e9b311c
10	1	0001104659-26-027061#115	wf_f9443ff9-759	fa7b71b9719c2ab1f6641d1a7cd5109c6ebefa0d6a684c7a27075bb16dcf1204	7b7856f6ede22b9607ca480e1fb43fad462b189375333908dfc34f0709fc2116	cf095da220e0e8ed7523c0d0b9a0aeceba9b19f9b29f5e9bdf6f4a497cc7d5a6
11	1	0001171843-26-001288#133	wf_ff9f0be4-1c4	01776d7e67887b5414f337e6a096f642ffa00b52f2e6b652635cb3597c7803b3	0c3a69c81180d5475de0ebbec58a4665e49f83b21a9ecb0624d63dabbbe8cfb4	b81de94c8428cbba33158827fe6a5c567045cc32debbadee8ed32c2e7e152db9
12	2	0000940944-26-000009#072	wf_cbc7405a-c2d	e3736cce3b4f6fbc9def79d3979c2ab274f06296ae9f3fe989f7e30cad9a6848	b066f3a94f79bf2c94b271c2ecabb6373c9b6b749e3937120bb81e07a99cac36	76819ef0f881dd08e29fb25a674d43be305eb240e3d5f964e902aa494ab589f6
